price;model_year;km;reg;fuel_type;fuel_economy;horse_power;gear_type
674.900 kr.;2022;25000;2022-02-07;Diesel;25.7;200;A
339.900 kr.;2017;157000;2018-07-31;Diesel;21.3;170;A
614.900 kr.;2022;15000;2021-11-01;Diesel;25.7;200;A
62.900 kr.;2009;371000;2009-08-27;Diesel;14.9;136;A
639.900 kr.;2016;77000;2016-06-27;Benzin;12.3;367;A
399.000 kr.;2017;104900;2017-09-29;Benzin;15.4;245;A
649.900 kr.;2022;20000;2021-12-30;Plug-in hybrid Benzin;40.6;313;A
735.000 kr.;2016;58000;2016-10-02;Benzin;12.7;367;A
629.900 kr.;2022;12000;2022-02-28;Plug-in hybrid Benzin;40.6;313;A
644.900 kr.;2022;26000;2021-12-21;Diesel;23.3;265;A
149.800 kr.;2011;258000;2011-04-11;Diesel;19.6;120;A
899.999 kr.;2018;42000;2018-02-06;Benzin;12.7;367;A
649.900 kr.;2022;11000;2022-03-01;Plug-in hybrid Benzin;40.6;313;A
279.900 kr.;2018;175000;2018-04-11;Diesel;22.9;194;A
619.900 kr.;2022;20000;2022-06-01;Plug-in hybrid Benzin;41.9;313;A
629.900 kr.;2022;5000;2022-06-13;Plug-in hybrid Benzin;40.6;313;A
644.900 kr.;2022;25000;2022-01-28;Plug-in hybrid Benzin;40.6;313;A
644.900 kr.;2022;29000;2022-01-31;Plug-in hybrid Benzin;40.6;313;A
644.900 kr.;2022;24000;2022-01-28;Plug-in hybrid Benzin;40.6;313;A
644.900 kr.;2022;20000;2022-02-28;Plug-in hybrid Benzin;40.6;313;A
654.900 kr.;2022;17000;2022-02-28;Plug-in hybrid Benzin;40.6;313;A
349.900 kr.;2016;89000;2017-02-24;Diesel;21.3;170;A
644.900 kr.;2022;20000;2021-12-16;Plug-in hybrid Benzin;40.6;313;A
283.730 kr.;2017;85000;2017-01-30;Benzin;18.2;184;A
644.900 kr.;2022;22000;2022-01-28;Plug-in hybrid Benzin;40.6;313;A
99.700 kr.;2012;317000;2012-08-15;Diesel;20.8;136;M
519.900 kr.;2016;64500;2016-03-21;Benzin;12.7;367;A
559.900 kr.;2022;14000;2022-03-15;Diesel;25.7;200;A
674.900 kr.;2022;11000;2022-02-16;Diesel;25.7;200;A
329.800 kr.;2018;177000;2018-09-26;Diesel;20.8;194;A
549.900 kr.;2018;106000;2018-04-13;Diesel;22.7;204;A
349.900 kr.;2017;134000;2018-06-29;Diesel;21.3;170;A
649.900 kr.;2022;15000;2021-08-19;Diesel;23.3;265;A
380.000 kr.;2018;94000;2018-04-24;Diesel;21.3;170;A
189.900 kr.;2009;139000;2009-03-20;Benzin;10.6;231;A
399.900 kr.;2020;94850;2019-08-15;Benzin;17.2;258;A
339.900 kr.;2018;119000;2018-07-04;Diesel;21.3;170;A
419.895 kr.;2019;28934;2019-10-31;Benzin;17.7;184;A
849.900 kr.;2017;68000;2018-01-09;Benzin;11.9;367;A
379.900 kr.;2019;104000;2019-01-30;Diesel;23.9;194;A
354.900 kr.;2018;91000;2019-05-02;Diesel;23.9;194;A
219.800 kr.;2015;254000;2015-02-04;Diesel;23.3;170;A
114.900 kr.;2013;324000;2013-06-20;Diesel;19.6;136;A
979.900 kr.;2018;63000;2018-12-06;Benzin;10.5;390;A
639.900 kr.;2022;32000;2022-01-28;Plug-in hybrid Benzin;40.6;313;A
634.900 kr.;2022;24000;2022-01-28;Plug-in hybrid Benzin;40.6;313;A
539.900 kr.;2022;13000;2021-08-27;Benzin;18.9;204;A
509.900 kr.;2022;17000;2021-12-16;Diesel;26.9;200;A
289.900 kr.;2015;112000;2015-04-08;Benzin;18.2;184;A
299.700 kr.;2015;171000;2014-12-05;Benzin;18.9;211;A
489.800 kr.;2021;14000;2020-11-11;Plug-in hybrid Benzin;32.7;320;A
459.800 kr.;2020;11000;2020-09-04;Plug-in hybrid Benzin;32.7;320;A
268.500 kr.;2017;51000;2017-04-19;Diesel;19.2;170;A
609.900 kr.;2022;13000;2022-04-11;Benzin;18.9;204;A
919.900 kr.;2019;23000;2019-05-08;Benzin;11.5;390;A
275.000 kr.;2020;41000;2019-08-12;Benzin;18.3;184;A
359.900 kr.;2018;85000;2019-06-03;Diesel;23.9;194;A
299.700 kr.;2015;247600;2015-04-24;Diesel;20.8;204;A
349.900 kr.;2019;132000;2018-12-27;Diesel;21.7;194;A
589.800 kr.;2022;17000;2021-09-02;Diesel;26.9;200;A
299.900 kr.;2018;162000;2018-01-31;Diesel;21.3;170;A
170.000 kr.;2014;308310;2014-11-10;Diesel;22.2;170;A
259.900 kr.;2016;146000;2016-03-30;Benzin;18.2;184;A
619.900 kr.;2022;19000;2022-03-01;Plug-in hybrid Benzin;40.6;313;A
449.000 kr.;2020;17000;2020-09-09;Plug-in hybrid Benzin;32.7;320;A
379.900 kr.;2018;87000;2018-08-03;Diesel;22.9;194;A
609.900 kr.;2022;13000;2022-02-23;Diesel;26.9;200;A
439.900 kr.;2020;26000;2019-10-21;Plug-in hybrid Diesel;32.2;306;A
614.900 kr.;2022;9000;2022-02-18;Plug-in hybrid Benzin;41.9;313;A
118.500 kr.;2009;185000;2008-06-26;Benzin;11.9;184;A
679.900 kr.;2022;14000;2022-03-17;Diesel;24.2;200;A
329.895 kr.;2018;149638;2018-01-05;Diesel;21.3;170;A
369.900 kr.;2019;105000;2019-03-28;Diesel;22.9;194;A
199.900 kr.;2015;285000;2015-01-15;Diesel;23.3;170;A
139.900 kr.;2012;216000;2011-12-12;Diesel;22.7;170;M
11.900 kr.;2000;380000;2000-12-04;Diesel;14.9;140;A
319.900 kr.;2018;61000;2018-12-18;Diesel;22.7;170;A
649.800 kr.;2022;7000;2022-02-01;Diesel;23.3;265;A
584.900 kr.;2022;11000;2022-01-26;Diesel;23.7;265;A
574.900 kr.;2022;11000;2022-01-12;Diesel;25.7;200;A
619.800 kr.;2022;12000;2022-02-08;Diesel;25.7;200;A
584.800 kr.;2022;9000;2022-02-01;Diesel;25.7;200;A
579.800 kr.;2022;4000;2021-12-29;Diesel;26.9;200;A
599.800 kr.;2022;15000;2022-02-08;Diesel;26.9;200;A
614.900 kr.;2022;8000;2022-01-18;Diesel;26.9;200;A
259.900 kr.;2018;163000;2018-04-18;Diesel;22.7;170;A
679.900 kr.;2022;13000;2022-01-24;Plug-in hybrid Benzin;40.6;313;A
669.900 kr.;2022;10000;2022-04-13;Diesel;24.2;200;A
654.900 kr.;2022;2000;2022-03-08;Plug-in hybrid Benzin;40.6;313;A
554.900 kr.;2017;25000;2018-04-18;Benzin;14.9;245;A
589.800 kr.;2022;8000;2021-09-14;Diesel;26.9;200;A
359.900 kr.;2017;55000;2018-05-18;Benzin;16.9;184;A
317.000 kr.;2017;117000;2018-01-10;Diesel;22.7;170;A
339.900 kr.;2018;155000;2018-07-02;Diesel;21.3;170;A
464.900 kr.;2020;37000;2020-12-15;Plug-in hybrid Diesel;32.2;306;A
339.900 kr.;2019;116000;2019-06-27;Diesel;23.9;194;A
424.950 kr.;2017;85000;2017-08-04;Benzin;12.2;510;A
539.900 kr.;2022;11000;2022-01-28;Diesel;26.9;200;A
579.900 kr.;2022;13000;2021-06-17;Diesel;25.7;200;A
589.900 kr.;2022;10000;2021-09-23;Diesel;26.9;200;A
654.900 kr.;2022;33000;2022-02-14;Plug-in hybrid Benzin;40.6;313;A
889.900 kr.;2016;108000;2016-09-28;Benzin;12.2;510;A
189.900 kr.;2014;209000;2014-11-11;Diesel;22.2;170;A
409.900 kr.;2018;79000;2019-01-21;Benzin;15.6;184;A
310.000 kr.;2015;76000;2015-02-13;Benzin;18.9;184;A
479.900 kr.;2020;60000;2020-12-14;Plug-in hybrid Diesel;32.2;306;A
614.900 kr.;2022;4000;2022-02-16;Plug-in hybrid Benzin;40.6;313;A
609.800 kr.;2022;12000;2022-03-11;Diesel;23.3;265;A
589.900 kr.;2022;20000;2021-09-23;Diesel;25.7;200;A
609.900 kr.;2022;10000;2022-03-24;Diesel;23.3;265;A
464.900 kr.;2021;47000;2021-06-04;Diesel;22.8;194;A
610.100 kr.;2022;11000;2022-03-16;Diesel;23.3;265;A
609.900 kr.;2022;6000;2022-03-23;Diesel;23.3;265;A
599.900 kr.;2022;12000;2022-03-11;Diesel;23.3;265;A
949.800 kr.;2022;8000;2022-03-22;Benzin;15.9;258;A
274.700 kr.;2016;223000;2016-01-22;Diesel;21.3;170;A
399.900 kr.;2019;100000;2019-07-08;Diesel;22.9;194;A
359.900 kr.;2018;70000;2018-01-12;Benzin;16.9;184;A
699.900 kr.;2022;6000;2022-04-22;Benzin;18.1;258;A
339.800 kr.;2015;122000;2016-12-05;Diesel;21.3;170;A
609.900 kr.;2022;14000;2021-11-01;Diesel;23.3;265;A
589.900 kr.;2022;11000;2021-10-25;Diesel;23.3;265;A
554.900 kr.;2022;20000;2021-10-01;Diesel;26.9;200;A
339.900 kr.;2018;131800;2018-05-31;Benzin;16.9;184;A
1.499.000 kr.;2018;40000;2018-10-09;Benzin;11.9;510;A
559.900 kr.;2022;10000;2021-11-01;Diesel;26.9;200;A
649.900 kr.;2022;4000;2021-12-08;Plug-in hybrid Benzin;40.6;313;A
614.900 kr.;2022;8000;2021-12-01;Plug-in hybrid Benzin;40.6;313;A
369.800 kr.;2018;108000;2018-06-05;Diesel;22.2;204;A
639.900 kr.;2022;5000;2021-12-01;Plug-in hybrid Benzin;40.6;313;A
669.900 kr.;2019;24000;2019-02-20;Benzin;15.6;184;A
649.900 kr.;2022;4000;2021-12-01;Plug-in hybrid Benzin;40.6;313;A
694.900 kr.;2022;12000;2021-12-01;Plug-in hybrid Benzin;40.6;313;A
649.900 kr.;2022;5000;2021-12-01;Plug-in hybrid Benzin;40.6;313;A
594.900 kr.;2022;8000;2021-12-01;Plug-in hybrid Benzin;41.9;313;A
594.900 kr.;2022;6000;2021-12-01;Plug-in hybrid Benzin;41.9;313;A
74.900 kr.;2013;451000;2012-11-28;Diesel;19.6;136;A
574.900 kr.;2022;26000;2021-09-01;Diesel;26.9;200;A
604.900 kr.;2022;19000;2022-02-04;Plug-in hybrid Benzin;41.9;313;A
649.900 kr.;2022;13000;2022-03-31;Plug-in hybrid Benzin;40.6;313;A
594.900 kr.;2022;2000;2021-12-01;Plug-in hybrid Benzin;41.9;313;A
309.900 kr.;2017;128000;2017-05-31;Diesel;21.3;170;A
299.900 kr.;2018;143000;2018-02-09;Diesel;21.3;170;A
629.900 kr.;2022;9000;2021-12-01;Plug-in hybrid Benzin;41.9;313;A
554.800 kr.;2022;10000;2021-10-13;Diesel;25.7;200;A
379.900 kr.;2019;72000;2019-08-12;Diesel;22.9;194;A
549.900 kr.;2022;11000;2021-09-06;Diesel;25.7;200;A
599.800 kr.;2022;15000;2021-09-16;Diesel;26.9;200;A
609.900 kr.;2022;15000;2021-09-08;Diesel;26.9;200;A
99.900 kr.;2003;107000;2003-11-20;Benzin;8.9;218;A
399.900 kr.;2019;128000;2019-08-01;Benzin;18.3;184;A
409.900 kr.;2018;112000;2019-01-10;Diesel;23.4;194;A
374.900 kr.;2018;75000;2018-11-28;Diesel;22.9;194;A
514.900 kr.;2019;39000;2019-02-27;Benzin;16.7;258;A
329.900 kr.;2018;75000;2017-11-10;Benzin;17.5;184;A
614.800 kr.;2022;12000;2021-09-24;Benzin;18.3;204;A
329.900 kr.;2019;166000;2019-04-29;Diesel;23.9;194;A
309.900 kr.;2017;97000;2018-02-07;Diesel;22.7;170;A
309.800 kr.;2017;142000;2018-04-30;Diesel;21.7;170;A
29.900 kr.;2005;338000;2005-01-04;Benzin;12.7;143;M
579.900 kr.;2022;23000;2021-08-02;Diesel;26.9;200;A
419.900 kr.;2021;62000;2020-08-19;Plug-in hybrid Diesel;32.2;306;A
604.900 kr.;2022;7000;2022-04-12;Plug-in hybrid Benzin;41.9;313;A
414.900 kr.;2020;85000;2020-02-01;Plug-in hybrid Diesel;32.2;306;A
689.900 kr.;2022;4000;2022-03-03;Benzin;18.1;258;A
124.900 kr.;2014;325000;2013-08-19;Diesel;20;136;A
579.900 kr.;2022;11000;2022-04-01;Plug-in hybrid Benzin;41.9;313;A
359.800 kr.;2017;78000;2017-08-11;Plug-in hybrid Benzin;26.8;279;A
679.900 kr.;2022;8000;2022-03-30;Diesel;24.2;200;A
559.900 kr.;2022;13000;2021-09-29;Benzin;18.3;204;A
604.900 kr.;2022;16000;2022-04-11;Plug-in hybrid Benzin;41.9;313;A
549.900 kr.;2022;12000;2021-08-24;Benzin;18.3;204;A
564.900 kr.;2022;7000;2021-10-13;Benzin;18.3;204;A
519.900 kr.;2022;12000;2021-10-12;Benzin;18.9;204;A
519.800 kr.;2022;9000;2021-09-20;Benzin;18.9;204;A
614.900 kr.;2022;22000;2021-07-12;Diesel;25.7;200;A
319.900 kr.;2017;91000;2017-03-17;Diesel;22.7;170;A
394.900 kr.;2019;143000;2019-05-29;Diesel;23.4;194;A
479.990 kr.;2021;25000;2020-10-02;Plug-in hybrid Benzin;31.1;320;A
329.900 kr.;2018;158000;2018-04-30;Diesel;21.3;170;A
664.900 kr.;2022;16000;2022-03-21;Plug-in hybrid Benzin;40.6;313;A
644.900 kr.;2022;24000;2021-12-15;Plug-in hybrid Benzin;40.6;313;A
334.900 kr.;2018;127000;2018-12-18;Diesel;22.9;194;A
579.900 kr.;2017;53000;2017-04-04;Benzin;14.9;245;A
534.800 kr.;2022;15000;2021-08-23;Diesel;25.7;200;A
314.900 kr.;2017;93000;2018-02-28;Diesel;22.7;170;A
534.800 kr.;2022;15000;2021-09-29;Diesel;25.7;200;A
599.900 kr.;2022;11000;2021-09-22;Diesel;23.3;265;A
564.900 kr.;2021;15000;2021-09-24;Benzin;18.3;204;A
314.900 kr.;2017;90000;2017-07-06;Diesel;21.7;170;A
799.900 kr.;2018;50000;2018-02-14;Benzin;12.8;367;A
529.900 kr.;2021;6000;2021-08-23;Benzin;18.3;204;A
514.900 kr.;2021;6000;2021-10-12;Benzin;18.6;184;A
499.900 kr.;2019;34000;2019-02-13;Benzin;21.6;258;A
699.900 kr.;2022;11000;2022-04-13;Diesel;24.2;200;A
237.900 kr.;2017;70000;2016-10-13;Diesel;20.8;204;A
106.900 kr.;2008;232000;2008-06-10;Benzin;10.6;231;A
269.269 kr.;2015;120000;2014-12-22;Diesel;23.2;170;A
359.900 kr.;2019;78000;2019-05-27;Diesel;23.9;194;A
479.800 kr.;2020;35000;2020-10-28;Plug-in hybrid Diesel;31.6;306;A
629.900 kr.;2017;79000;2016-08-24;Benzin;12.7;367;A
599.500 kr.;2022;28000;2022-03-31;Plug-in hybrid Benzin;40.6;313;A
459.900 kr.;2021;41000;2020-10-08;Plug-in hybrid Benzin;31.1;320;A
264.990 kr.;2011;134020;2011-09-29;Benzin;8.8;487;A
654.900 kr.;2022;14000;2021-08-31;Diesel;26.9;200;A
379.800 kr.;2019;86000;2019-05-31;Benzin;17.2;184;A
265.000 kr.;2015;126800;2015-09-23;Benzin;11.9;510;A
664.900 kr.;2022;22000;2022-03-11;Plug-in hybrid Benzin;40.6;313;A
654.900 kr.;2022;19000;2022-03-01;Plug-in hybrid Benzin;40.6;313;A
324.800 kr.;2018;104000;2018-03-28;Diesel;22.7;170;A
224.900 kr.;2015;209000;2015-03-02;Diesel;22.2;170;A
389.980 kr.;2020;71000;2020-07-09;Diesel;21.7;194;A
219.900 kr.;2015;189000;2014-12-16;Diesel;23.3;136;M
144.500 kr.;2012;240000;2012-07-27;Diesel;19.6;170;A
429.800 kr.;2020;75000;2019-08-30;Diesel;24.4;194;A
629.900 kr.;2022;20000;2021-12-15;Plug-in hybrid Benzin;40.6;313;A
109.900 kr.;2013;267000;2013-04-22;Diesel;20.8;120;M
259.900 kr.;2017;100000;2016-11-17;Benzin;13;333;A
329.700 kr.;2016;39000;2016-05-02;Benzin;17.9;184;A
549.995 kr.;2017;116000;2017-04-11;Diesel;20.4;170;A
139.800 kr.;2010;127000;2010-04-26;Benzin;13.3;184;A
279.900 kr.;2017;175000;2016-10-26;Diesel;22.7;170;A
659.900 kr.;2022;15000;2022-04-07;Plug-in hybrid Benzin;40.6;313;A
479.900 kr.;2021;19000;2021-01-18;Plug-in hybrid Benzin;31.1;320;A
659.900 kr.;2022;10000;2022-04-26;Plug-in hybrid Benzin;40.6;313;A
279.500 kr.;2017;185000;2017-11-10;Diesel;21.7;170;A
349.800 kr.;2015;118000;2015-10-09;Plug-in hybrid Benzin;30.2;279;A
579.900 kr.;2022;23000;2021-06-17;Diesel;26.9;200;A
539.900 kr.;2021;35000;2021-06-23;Diesel;25;194;A
564.900 kr.;2022;7000;2021-06-16;Diesel;25.7;200;A
329.900 kr.;2016;125000;2015-12-23;Benzin;11.9;510;A
399.900 kr.;2019;69000;2019-04-04;Benzin;18.3;184;A
199.900 kr.;2014;195000;2014-06-27;Diesel;25;170;M
379.900 kr.;2019;91000;2019-01-14;Diesel;22.9;194;A
549.800 kr.;2022;14000;2021-09-16;Diesel;26.9;200;A
124.800 kr.;2007;93000;2007-09-17;Benzin;13;156;A
594.900 kr.;2022;10000;2021-09-29;Diesel;26.9;200;A
574.900 kr.;2022;17000;2021-09-28;Diesel;26.9;200;A
599.900 kr.;2022;6000;2021-06-16;Diesel;26.9;200;A
319.900 kr.;2017;101000;2017-07-21;Diesel;21.7;170;A
299.700 kr.;2015;249000;2015-06-17;Diesel;19.2;204;A
549.800 kr.;2022;15000;2021-10-12;Diesel;26.9;200;A
339.900 kr.;2017;132600;2017-12-29;Diesel;21.3;170;A
279.780 kr.;2016;116000;2016-03-07;Diesel;20;170;A
659.900 kr.;2022;7000;2022-03-04;Plug-in hybrid Benzin;40.6;313;A
664.900 kr.;2022;7000;2022-02-25;Plug-in hybrid Benzin;40.6;313;A
604.900 kr.;2022;11000;2022-04-13;Plug-in hybrid Benzin;41.9;313;A
89.900 kr.;2009;202000;2009-10-20;Diesel;15.4;136;A
584.900 kr.;2022;15000;2022-03-04;Benzin;18.3;204;A
484.900 kr.;2020;24000;2020-07-29;Diesel;25;194;A
649.900 kr.;2022;19000;2022-01-21;Plug-in hybrid Benzin;40.6;313;A
349.900 kr.;2020;100000;2019-08-30;Diesel;22.9;194;A
564.900 kr.;2022;13000;2021-12-03;Benzin;18.3;204;A
359.900 kr.;2020;89000;2019-08-15;Diesel;22.9;194;A
389.900 kr.;2019;38000;2019-05-05;Benzin;17.2;184;A
359.900 kr.;2019;172000;2019-04-01;Diesel;22.9;194;A
559.900 kr.;2022;23000;2022-03-31;Diesel;25.7;200;A
679.900 kr.;2022;17000;2022-01-28;Benzin;18.1;258;A
259.500 kr.;2018;189000;2018-01-09;Diesel;22.7;170;A
399.995 kr.;2019;98000;2018-11-29;Diesel;22.7;194;A
424.900 kr.;2020;87000;2020-01-01;Plug-in hybrid Diesel;32.2;306;A
574.900 kr.;2022;18000;2021-08-02;Diesel;26.9;200;A
464.900 kr.;2021;26000;2020-12-30;Plug-in hybrid Benzin;32.7;320;A
579.900 kr.;2022;14000;2021-12-01;Plug-in hybrid Benzin;40.6;313;A
579.900 kr.;2022;15000;2022-01-28;Plug-in hybrid Benzin;41.9;313;A
489.900 kr.;2021;21000;2020-10-20;Plug-in hybrid Benzin;31.1;320;A
389.500 kr.;2018;97000;2019-01-17;Diesel;23.4;194;A
359.900 kr.;2017;45000;2018-07-24;Benzin;17.9;184;A
117.500 kr.;2011;254000;2011-08-03;Diesel;19.6;136;A
39.990 kr.;2000;228000;2000-09-15;Benzin;10.5;129;A
379.900 kr.;2019;122000;2018-12-10;Diesel;24.4;194;A
654.900 kr.;2022;11000;2021-11-18;Diesel;23.3;265;A
589.900 kr.;2022;11000;2022-02-25;Diesel;26.9;200;A
4.180 kr.;2022;10000;2022-04-01;Plug-in hybrid Benzin;40.6;313;A
579.900 kr.;2022;7000;2022-01-31;Plug-in hybrid Benzin;41.9;313;A
499.800 kr.;2020;41000;2020-07-16;Plug-in hybrid Benzin;32.7;320;A
139.900 kr.;2013;293000;2013-12-06;Diesel;19.2;170;A
749.900 kr.;2020;41000;2019-04-16;Benzin;16.4;258;A
639.900 kr.;2022;35000;2022-01-28;Plug-in hybrid Benzin;40.6;313;A
619.900 kr.;2022;8000;2022-02-24;Diesel;25.7;200;A
649.900 kr.;2022;12000;2022-03-31;Plug-in hybrid Benzin;40.6;313;A
484.900 kr.;2017;82000;2017-04-07;Benzin;12.8;333;A
359.999 kr.;2019;86000;2018-10-30;Diesel;23.9;194;A
184.900 kr.;2012;121000;2012-05-23;Benzin;14.9;156;A
564.800 kr.;2022;13000;2021-12-14;Diesel;25.7;200;A
949.900 kr.;2022;11000;2022-04-22;Benzin;15.9;258;A
309.900 kr.;2018;129000;2018-06-04;Diesel;22.2;170;A
599.900 kr.;2016;97000;2016-10-25;Benzin;12.3;367;A
369.900 kr.;2019;117000;2018-09-07;Diesel;23.4;194;A
359.900 kr.;2019;123000;2019-01-23;Diesel;25;194;A
319.900 kr.;2018;167000;2018-04-25;Diesel;21.3;170;A
224.900 kr.;2017;246000;2017-05-01;Diesel;22.7;170;A
434.900 kr.;2020;56000;2019-12-16;Plug-in hybrid Diesel;32.2;306;A
319.900 kr.;2017;139000;2018-08-01;Diesel;21.3;170;A
84.900 kr.;2008;325000;2008-08-18;Diesel;14.7;170;A
319.900 kr.;2018;187500;2018-07-02;Diesel;21.3;170;A
479.800 kr.;2020;7000;2021-04-13;Plug-in hybrid Diesel;32.2;306;A
269.800 kr.;2016;178000;2015-10-09;Diesel;22.7;170;A
264.900 kr.;2015;164000;2014-06-02;Diesel;22.7;170;A
279.800 kr.;2016;125000;2015-08-14;Diesel;23.3;136;A
169.800 kr.;2011;125000;2011-12-09;Diesel;20.8;136;M
269.900 kr.;2015;187000;2014-08-12;Diesel;23.3;170;A
599.800 kr.;2017;107000;2017-02-28;Diesel;21.7;204;A
189.900 kr.;2015;225000;2015-02-16;Diesel;23.3;136;M
379.900 kr.;2019;67000;2019-04-11;Diesel;23.9;194;A
489.900 kr.;2018;25000;2018-04-11;Benzin;15.4;156;A
339.900 kr.;2016;233000;2016-01-04;Benzin;13;333;A
299.700 kr.;2017;138000;2017-04-28;Diesel;21.3;170;A
319.400 kr.;2017;95000;2018-02-13;Diesel;21.7;170;A
639.900 kr.;2022;24000;2022-04-12;Plug-in hybrid Benzin;40.6;313;A
479.800 kr.;2021;27200;2020-10-22;Plug-in hybrid Benzin;31.1;320;A
169.800 kr.;2013;166000;2013-04-02;Diesel;20.8;136;M
529.900 kr.;2022;6000;2022-03-28;Diesel;25.7;200;A
639.800 kr.;2022;7000;2022-03-28;Diesel;25.7;200;A
579.900 kr.;2022;8000;2022-03-29;Diesel;25.7;200;A
574.900 kr.;2022;12000;2022-03-24;Diesel;25.7;200;A
589.900 kr.;2022;7000;2022-02-17;Diesel;26.9;200;A
629.800 kr.;2022;5000;2022-02-17;Benzin;18.3;204;A
549.900 kr.;2022;14000;2022-03-21;Benzin;18.9;204;A
359.900 kr.;2017;126000;2017-06-30;Diesel;21.3;170;A
349.900 kr.;2019;129000;2018-12-10;Diesel;20.8;194;A
499.800 kr.;2020;8000;2020-07-10;Plug-in hybrid Benzin;28.8;320;A
264.700 kr.;2016;209000;2015-09-22;Diesel;22.2;170;A
179.800 kr.;2014;206000;2014-06-21;Diesel;20;170;A
144.900 kr.;2013;160000;2013-05-30;Diesel;20.8;120;M
349.900 kr.;2018;174000;2018-10-31;Diesel;23.4;194;A
299.700 kr.;2017;139000;2017-12-15;Diesel;22.7;170;A
469.000 kr.;2021;49000;2020-11-18;Diesel;22.8;194;A
499.900 kr.;2020;44000;2020-01-30;Diesel;22;245;A
449.800 kr.;2020;13000;2020-12-04;Plug-in hybrid Diesel;31.6;306;A
489.800 kr.;2021;14000;2020-11-17;Plug-in hybrid Diesel;32.2;306;A
124.900 kr.;2013;242000;2012-08-16;Diesel;20.8;136;M
199.800 kr.;2016;386000;2015-10-08;Diesel;22.7;170;A
359.600 kr.;2019;99000;2018-09-20;Diesel;22.9;194;A
649.900 kr.;2022;16000;2022-03-01;Diesel;26.9;200;A
644.900 kr.;2022;19000;2022-02-22;Diesel;25.7;200;A
369.900 kr.;2020;97000;2019-07-31;Diesel;22.9;194;A
465.000 kr.;2021;24000;2020-10-01;Plug-in hybrid Diesel;32.2;306;A
350.000 kr.;2019;85000;2018-07-17;Diesel;22.9;194;A
274.900 kr.;2015;194000;2015-08-01;Diesel;22.2;170;A
79.900 kr.;2012;279000;2012-04-26;Diesel;20.8;120;M
49.900 kr.;2009;292000;2009-02-26;Diesel;16.7;136;M
459.900 kr.;2021;57000;2020-11-18;Diesel;22.8;194;A
319.900 kr.;2016;85000;2016-06-29;Benzin;18.9;184;A
249.900 kr.;2016;202000;2016-01-20;Diesel;22.7;170;A
329.900 kr.;2018;150000;2018-12-03;Diesel;22.9;194;A
109.999 kr.;2012;320000;2012-06-01;Diesel;19.6;136;A
334.800 kr.;2016;59000;2016-01-29;Plug-in hybrid Benzin;30.2;279;A
289.400 kr.;2017;112000;2017-07-26;Diesel;22.7;170;A
379.900 kr.;2019;161000;2019-02-27;Diesel;21.3;194;A
639.900 kr.;2022;13000;2021-12-20;Plug-in hybrid Benzin;40.6;313;A
639.900 kr.;2022;7000;2021-12-20;Plug-in hybrid Benzin;40.6;313;A
589.900 kr.;2022;7000;2021-10-29;Diesel;23.3;265;A
594.900 kr.;2022;9000;2021-10-29;Diesel;23.3;265;A
529.900 kr.;2022;18000;2021-11-01;Diesel;26.9;200;A
599.900 kr.;2022;11000;2021-10-01;Diesel;26.9;200;A
534.900 kr.;2022;7000;2021-12-17;Diesel;25.7;200;A
624.900 kr.;2022;2000;2021-12-20;Diesel;25.7;200;A
899.900 kr.;2018;49000;2017-10-18;Benzin;11.9;367;A
624.900 kr.;2022;11000;2021-11-24;Diesel;25.7;200;A
564.900 kr.;2022;15000;2021-11-12;Diesel;25.7;200;A
544.900 kr.;2022;18000;2021-11-01;Benzin;18.9;204;A
594.900 kr.;2022;10000;2021-11-11;Diesel;26.9;200;A
524.900 kr.;2022;11000;2021-10-22;Diesel;26.9;200;A
574.900 kr.;2022;8000;2021-10-21;Diesel;26.9;200;A
529.900 kr.;2022;5000;2021-10-21;Diesel;26.9;200;A
534.900 kr.;2022;6000;2021-10-21;Diesel;26.9;200;A
589.900 kr.;2022;16000;2021-10-22;Diesel;26.9;200;A
529.900 kr.;2022;7000;2021-10-21;Benzin;18.3;204;A
564.900 kr.;2022;16000;2021-10-21;Benzin;18.3;204;A
569.900 kr.;2022;6000;2021-10-21;Benzin;18.3;204;A
629.800 kr.;2022;1000;2021-11-15;Benzin;18.3;204;A
549.900 kr.;2022;17000;2021-11-01;Benzin;18.3;204;A
599.900 kr.;2022;7000;2021-11-16;Benzin;18.3;204;A
569.900 kr.;2022;8000;2021-11-25;Benzin;18.3;204;A
569.900 kr.;2022;11000;2021-12-20;Benzin;18.3;204;A
559.800 kr.;2022;7000;2021-11-29;Benzin;18.3;204;A
624.800 kr.;2022;7000;2021-11-17;Benzin;18.3;204;A
569.900 kr.;2022;10000;2021-11-11;Benzin;18.9;204;A
519.900 kr.;2022;10000;2021-10-25;Benzin;18.9;204;A
509.900 kr.;2022;17000;2021-10-21;Benzin;18.9;204;A
525.100 kr.;2022;7000;2021-10-21;Benzin;18.9;204;A
519.900 kr.;2022;10000;2021-10-21;Benzin;18.9;204;A
174.900 kr.;2014;334000;2014-08-01;Diesel;22.7;170;A
335.000 kr.;2017;103000;2018-03-01;Plug-in hybrid Benzin;30.2;279;A
320.000 kr.;2018;115000;2018-08-10;Diesel;23.9;194;A
409.000 kr.;2019;77000;2019-10-01;Benzin;16.1;184;A
559.900 kr.;2021;7000;2021-06-17;Benzin;18.9;204;A
94.900 kr.;2014;295000;2014-01-01;Diesel;20.8;136;M
259.800 kr.;2016;179000;2015-07-31;Diesel;23.3;136;A
1.150.000 kr.;2017;13000;2017-03-21;Benzin;11.2;476;A
229.900 kr.;2015;88000;2015-02-01;Diesel;23.3;136;M
389.900 kr.;2019;53000;2019-02-27;Diesel;22.9;194;A
159.500 kr.;2014;176000;2013-10-02;Diesel;20.4;136;A
629.800 kr.;2022;14000;2022-03-29;Diesel;25.7;200;A
184.500 kr.;2014;144000;2014-02-20;Diesel;19.6;136;A
289.900 kr.;2015;108000;2015-10-01;Diesel;21.3;170;A
359.900 kr.;2018;63000;2018-12-10;Benzin;15.6;184;A
249.900 kr.;2018;155000;2018-04-25;Diesel;22.7;136;A
279.900 kr.;2016;209000;2016-06-01;Diesel;22.2;204;A
479.900 kr.;2020;20000;2020-06-09;Plug-in hybrid Benzin;32.7;320;A
449.900 kr.;2020;48000;2020-02-20;Plug-in hybrid Diesel;32.2;306;A
285.000 kr.;2017;128000;2016-08-01;Diesel;21.3;136;A
659.900 kr.;2022;17000;2022-02-08;Diesel;23.3;265;A
689.800 kr.;2022;10000;2022-02-24;Diesel;23.3;265;A
235.000 kr.;2016;158000;2016-01-01;Diesel;23.3;170;A
579.900 kr.;2022;6000;2022-03-16;Diesel;25.7;200;A
116.900 kr.;2013;194000;2012-11-14;Diesel;20.8;120;M
439.900 kr.;2019;75000;2019-06-04;Diesel;21.3;194;A
349.800 kr.;2017;69000;2017-05-22;Benzin;16.9;184;A
299.900 kr.;2015;256000;2015-05-22;Diesel;19.6;204;A
391.900 kr.;2019;129000;2019-01-30;Diesel;25;194;A
74.500 kr.;2011;272000;2010-12-02;Diesel;19.2;136;M
108.500 kr.;2012;251000;2012-12-01;Diesel;19.6;170;A
151.599 kr.;2007;172000;2007-09-01;Benzin;10.6;231;A
145.000 kr.;2007;212000;2007-11-01;Benzin;10.6;204;A
460.000 kr.;2020;95000;2019-07-01;Diesel;22;245;A
265.000 kr.;2015;131000;2015-05-01;Diesel;22.7;170;A
141.000 kr.;2012;241000;2012-01-01;Diesel;19.2;170;A
264.900 kr.;2015;158000;2014-12-10;Diesel;22.2;170;A
189.900 kr.;2016;182000;2015-11-30;Diesel;23.3;136;M
269.900 kr.;2018;142000;2018-03-02;Diesel;22.7;170;A
539.900 kr.;2021;11000;2021-03-23;Plug-in hybrid Diesel;32.2;306;A
274.900 kr.;2017;132000;2017-05-18;Diesel;22.7;170;A
242.000 kr.;2017;210000;2018-01-01;Diesel;22.7;170;A
389.700 kr.;2019;74000;2019-01-31;Benzin;18;184;A
369.900 kr.;2018;71000;2018-03-21;Plug-in hybrid Benzin;27.3;279;A
534.900 kr.;2022;20000;2022-04-29;Diesel;25.7;200;A
481.516 kr.;2019;72000;2019-06-01;Benzin;15.1;258;A
59.900 kr.;2010;470000;2010-07-02;Diesel;18.2;136;A
265.000 kr.;2017;136000;2017-12-01;Diesel;22.7;170;A
284.999 kr.;2017;117000;2017-10-01;Diesel;22.7;170;A
189.900 kr.;2014;229000;2014-12-01;Diesel;22.2;170;A
159.500 kr.;2013;88000;2013-02-01;Benzin;15.2;184;M
279.900 kr.;2017;163000;2017-05-22;Diesel;22.7;170;A
269.950 kr.;2016;265000;2016-12-01;Diesel;22.2;204;A
95.000 kr.;2013;292000;2013-02-01;Diesel;20.8;136;M
289.000 kr.;2017;119000;2017-10-01;Diesel;22.7;170;A
105.000 kr.;2011;290000;2011-02-01;Diesel;17.2;204;A
389.800 kr.;2019;72000;2019-08-06;Diesel;22.9;194;A
569.900 kr.;2022;25000;2021-12-15;Plug-in hybrid Benzin;41.9;313;A
159.900 kr.;2012;151000;2012-08-06;Benzin;17.2;156;A
185.900 kr.;2014;164000;2014-07-01;Benzin;18.9;184;M
389.900 kr.;2019;35000;2019-11-11;Benzin;17.2;184;A
169.900 kr.;2015;220000;2014-12-01;Benzin;18.2;184;M
125.000 kr.;2012;320000;2012-06-01;Diesel;19.6;136;A
120.000 kr.;2007;154000;2007-07-12;Diesel;13.7;224;A
429.900 kr.;2008;130000;2008-10-01;Benzin;8.2;487;A
559.900 kr.;2022;7000;2022-01-01;Diesel;25.7;200;A
147.000 kr.;2013;168000;2013-10-01;Benzin;14.5;184;M
375.000 kr.;2018;104000;2018-11-01;Diesel;22.7;194;A
72.500 kr.;2008;217000;2008-02-01;Benzin;11;204;A
149.500 kr.;2013;207000;2013-02-18;Diesel;19.2;170;A
569.900 kr.;2018;27000;2018-04-30;Benzin;14.9;245;A
294.900 kr.;2017;113000;2017-06-08;Diesel;22.2;170;A
229.400 kr.;2016;142000;2015-12-01;Diesel;23.3;170;M
94.900 kr.;2011;330000;2011-09-01;Diesel;20.4;136;A
265.000 kr.;2016;130000;2017-04-03;Diesel;22.7;170;A
239.900 kr.;2015;170000;2015-04-29;Diesel;22.7;170;A
214.900 kr.;2015;139000;2014-12-01;Diesel;23.3;170;A
469.900 kr.;2021;24000;2021-02-23;Plug-in hybrid Benzin;31.1;320;A
19.900 kr.;2006;489000;2006-10-04;Diesel;14.6;150;A
339.900 kr.;2017;52000;2017-10-26;Benzin;17.5;184;A
359.800 kr.;2018;99000;2018-01-04;Diesel;21.3;170;A
179.995 kr.;2015;243000;2015-06-01;Diesel;22.7;170;A
289.900 kr.;2015;150000;2014-11-27;Diesel;22.7;170;A
359.700 kr.;2018;65000;2018-04-26;Benzin;16.9;184;A
225.000 kr.;2019;66000;2019-01-03;Diesel;20.8;194;A
95.000 kr.;2008;171000;2007-03-01;Benzin;13;156;A
399.900 kr.;2019;72000;2019-02-28;Diesel;23.9;194;A
479.900 kr.;2020;17000;2020-09-04;Plug-in hybrid Benzin;32.7;320;A
279.900 kr.;2013;189000;2013-06-18;Benzin;14.7;306;A
299.900 kr.;2018;175000;2018-06-01;Diesel;22.7;170;A
339.900 kr.;2018;106500;2018-03-28;Diesel;21.7;170;A
639.900 kr.;2022;13000;2022-02-16;Plug-in hybrid Benzin;40.6;313;A
604.900 kr.;2022;13000;2022-03-16;Plug-in hybrid Benzin;41.9;313;A
614.800 kr.;2022;9000;2022-03-07;Diesel;23.3;265;A
619.900 kr.;2022;11000;2022-03-01;Diesel;23.3;265;A
659.900 kr.;2022;8000;2022-02-17;Diesel;23.3;265;A
614.800 kr.;2022;16000;2022-03-01;Diesel;23.3;265;A
609.800 kr.;2022;11000;2022-03-02;Diesel;23.3;265;A
604.900 kr.;2022;7000;2022-02-28;Diesel;23.3;265;A
654.900 kr.;2022;15000;2022-03-03;Diesel;23.3;265;A
624.900 kr.;2022;13000;2022-02-28;Diesel;23.3;265;A
574.900 kr.;2022;12000;2022-03-02;Diesel;25.7;200;A
574.800 kr.;2022;16000;2022-03-01;Diesel;25.7;200;A
72.500 kr.;2013;375700;2013-01-01;Diesel;19.6;136;A
574.800 kr.;2022;14000;2022-03-02;Diesel;25.7;200;A
569.800 kr.;2022;18000;2022-03-01;Diesel;25.7;200;A
564.800 kr.;2022;12000;2022-02-22;Diesel;26.9;200;A
574.900 kr.;2022;9000;2022-02-25;Diesel;26.9;200;A
275.000 kr.;2015;199000;2015-01-19;Diesel;21.7;170;A
519.900 kr.;2020;35000;2020-05-26;Benzin;17.5;258;A
274.700 kr.;2014;189000;2014-06-02;Diesel;22.7;170;A
699.900 kr.;2022;4000;2022-02-28;Diesel;23.3;265;A
128.000 kr.;2011;228000;2011-11-01;Diesel;19.6;170;A
89.000 kr.;2012;438000;2012-01-01;Diesel;19.6;136;A
289.900 kr.;2015;130000;2015-02-24;Diesel;21.7;170;A
285.000 kr.;2016;113000;2017-06-01;Diesel;22.7;170;A
419.700 kr.;2019;77000;2019-04-10;Diesel;22.9;194;A
609.900 kr.;2022;20000;2021-12-21;Plug-in hybrid Benzin;40.6;313;A
184.800 kr.;2016;217000;2016-01-04;Diesel;23.3;136;M
389.700 kr.;2019;124000;2019-03-27;Diesel;23.9;194;A
339.900 kr.;2017;69000;2017-11-27;Diesel;21.3;170;A
339.000 kr.;2018;73000;2018-05-07;Diesel;21.3;170;A
299.900 kr.;2019;252000;2018-08-09;Diesel;22.9;194;A
427.000 kr.;2019;93000;2019-07-30;Diesel;22.9;194;A
284.995 kr.;2016;122000;2016-04-01;Diesel;22.7;136;A
242.950 kr.;2015;151348;2015-06-02;Benzin;11.9;510;A
279.995 kr.;2017;146000;2018-02-01;Diesel;22.7;170;A
305.000 kr.;2015;73000;2015-01-09;Benzin;17.9;184;A
249.900 kr.;2015;141000;2015-03-01;Benzin;17.9;184;A
259.700 kr.;2017;71000;2017-02-03;Diesel;25.6;136;M
344.900 kr.;2016;104000;2016-04-14;Benzin;18.5;184;A
599.900 kr.;2022;35000;2022-02-01;Plug-in hybrid Benzin;40.6;313;A
149.800 kr.;2013;246000;2013-03-19;Diesel;19.2;170;A
59.900 kr.;2008;500000;2008-09-01;Diesel;14.7;170;A
339.000 kr.;2017;53000;2018-04-01;Benzin;16.9;184;A
235.000 kr.;2014;237000;2014-11-01;Diesel;21.7;170;A
110.000 kr.;2010;149000;2010-10-01;Benzin;14.3;156;A
182.500 kr.;2015;109000;2015-04-01;Diesel;25.6;136;M
299.800 kr.;2015;147000;2015-04-16;Diesel;20.8;204;A
349.900 kr.;2018;73000;2018-07-03;Diesel;22.7;170;A
169.000 kr.;2015;267000;2014-12-01;Diesel;23.3;136;M
124.800 kr.;2017;124000;2017-10-25;Diesel;22.7;170;A
369.000 kr.;2019;137000;2019-06-01;Diesel;22;245;A
284.700 kr.;2018;134000;2017-11-16;Diesel;22.7;170;A
254.700 kr.;2015;218000;2014-12-02;Diesel;21.7;170;A
289.700 kr.;2014;197000;2014-10-30;Diesel;21.3;170;A
299.800 kr.;2017;71000;2018-04-30;Benzin;17.9;184;A
189.900 kr.;2015;130000;2015-04-01;Diesel;23.3;136;M
459.800 kr.;2021;64000;2020-09-17;Diesel;22.8;194;A
289.900 kr.;2015;148000;2015-12-07;Diesel;22.7;170;A
194.900 kr.;2011;139000;2011-12-14;Diesel;19.6;170;A
189.700 kr.;2015;239000;2014-12-23;Diesel;22.7;170;A
264.900 kr.;2015;142000;2014-09-23;Benzin;17.9;184;A
335.000 kr.;2018;58000;2017-12-14;Diesel;21.7;170;A
274.700 kr.;2015;192000;2015-07-22;Diesel;21.3;170;A
254.700 kr.;2016;194000;2015-07-14;Diesel;21.3;170;A
289.700 kr.;2017;238000;2016-09-16;Diesel;23.3;170;A
254.700 kr.;2014;175000;2014-09-15;Diesel;22.2;170;A
309.000 kr.;2019;177000;2018-11-01;Diesel;22.9;194;A
274.700 kr.;2016;205000;2016-01-08;Diesel;21.3;170;A
299.700 kr.;2016;223000;2016-01-04;Diesel;23.8;170;A
274.700 kr.;2015;233000;2015-07-28;Diesel;21.3;170;A
299.900 kr.;2017;95000;2017-07-27;Diesel;22.7;170;A
469.900 kr.;2020;63000;2020-09-16;Plug-in hybrid Benzin;32.7;320;A
579.000 kr.;2016;49000;2017-05-26;Benzin;14.9;245;A
674.900 kr.;2022;20000;2022-03-01;Plug-in hybrid Benzin;40.6;313;A
899.800 kr.;2018;57000;2017-12-22;Benzin;12.7;367;A
264.800 kr.;2015;175000;2015-01-02;Diesel;22.2;170;A
154.800 kr.;2014;162000;2014-05-14;Diesel;20.8;120;A
265.000 kr.;2015;162000;2015-02-01;Diesel;20.8;170;A
235.000 kr.;2017;135000;2016-12-01;Diesel;24.4;136;M
254.800 kr.;2014;176000;2014-10-09;Diesel;21.7;170;A
175.000 kr.;2014;350000;2014-06-01;Diesel;23.3;170;A
110.000 kr.;2011;192000;2011-03-07;Diesel;17.2;136;A
319.900 kr.;2018;102000;2018-06-04;Diesel;21.3;170;A
539.000 kr.;2020;50000;2020-11-01;Plug-in hybrid Diesel;32.2;306;A
339.900 kr.;2020;82000;2019-11-07;Diesel;23.9;194;A
439.800 kr.;2020;38000;2020-03-19;Benzin;17.7;184;A
449.900 kr.;2020;63000;2020-03-24;Diesel;25;194;A
499.900 kr.;2020;38000;2020-06-03;Plug-in hybrid Diesel;32.2;306;A
179.900 kr.;2013;155000;2013-04-22;Diesel;20.8;170;A
99.900 kr.;2008;295000;2008-10-28;Diesel;12.5;224;A
139.900 kr.;2012;192000;2011-12-09;Benzin;14.9;184;A
220.000 kr.;2016;229000;2017-03-01;Diesel;22.7;170;A
469.900 kr.;2019;50000;2019-12-16;Plug-in hybrid Diesel;31.6;306;A
295.000 kr.;2017;78000;2017-07-01;Diesel;21.3;170;A
125.000 kr.;2007;100000;2007-06-01;Benzin;11.9;184;A
59.900 kr.;2003;135000;2003-10-28;Diesel;16.9;122;M
189.800 kr.;2016;238000;2016-12-14;Diesel;22.7;170;A
374.900 kr.;2019;89000;2019-01-22;Diesel;23.9;194;A
284.900 kr.;2015;146000;2015-06-11;Diesel;21.3;170;A
109.900 kr.;2012;284000;2012-08-01;Diesel;19.2;170;A
104.900 kr.;2011;210000;2011-01-03;Diesel;18.2;136;A
389.900 kr.;2019;29000;2019-08-01;Diesel;23.9;194;A
304.900 kr.;2017;127000;2017-02-24;Diesel;21.3;170;A
209.000 kr.;2016;108000;2016-08-01;Diesel;23.3;136;M
94.900 kr.;2008;249000;2008-07-24;Benzin;13.2;184;M
159.900 kr.;2015;267000;2015-02-05;Diesel;23.3;136;A
169.500 kr.;2014;178000;2013-11-13;Diesel;19.6;170;A
119.900 kr.;2014;183000;2014-02-14;Diesel;20.8;136;M
399.900 kr.;2019;44000;2019-03-28;Diesel;22.9;194;A
143.770 kr.;2018;164900;2018-10-31;Diesel;22.9;194;A
309.700 kr.;2018;166000;2018-09-28;Diesel;22.9;194;A
144.700 kr.;2015;403000;2014-12-16;Diesel;22.7;170;A
124.900 kr.;2012;220000;2011-12-29;Benzin;15.4;156;A
84.900 kr.;2006;280000;2006-10-12;Diesel;12.7;224;A
234.900 kr.;2015;167000;2015-03-05;Diesel;22.7;170;A
240.000 kr.;2016;209000;2017-06-01;Diesel;22.7;170;A
149.800 kr.;2012;425000;2012-04-17;Diesel;19.6;170;A
374.900 kr.;2018;79000;2018-05-30;Diesel;21.3;170;A
210.000 kr.;2016;203000;2016-03-01;Diesel;22.7;136;A
72.000 kr.;2011;291000;2011-02-01;Diesel;19.2;136;M
38.000 kr.;2002;240000;2002-01-01;Diesel;14.9;115;A
89.900 kr.;2010;317000;2010-12-01;Diesel;19.6;204;M
359.900 kr.;2017;43000;2017-09-07;Benzin;17.9;184;A
179.500 kr.;2014;310000;2013-12-16;Diesel;19.2;170;A
459.900 kr.;2020;42000;2020-04-22;Plug-in hybrid Benzin;32.7;320;A
209.500 kr.;2015;259000;2014-12-15;Diesel;22.7;170;A
164.900 kr.;2011;265000;2011-11-23;Diesel;19.6;204;A
264.900 kr.;2017;179000;2017-05-30;Diesel;21.3;170;A
139.900 kr.;2012;189000;2011-08-08;Diesel;20.8;136;M
279.000 kr.;2015;265000;2015-02-04;Diesel;20;204;A
374.000 kr.;2019;100000;2018-08-09;Diesel;23.4;194;A
429.900 kr.;2016;173000;2016-05-12;Diesel;23.8;170;A
248.000 kr.;2016;179000;2015-11-01;Diesel;22.7;170;A
194.900 kr.;2016;230000;2016-05-01;Diesel;22.7;170;A
99.999 kr.;2011;240000;2011-01-01;Diesel;17.2;136;A
95.000 kr.;2012;191000;2012-07-01;Diesel;20.8;136;M
599.900 kr.;2022;8000;2022-01-03;Plug-in hybrid Benzin;40.6;313;A
129.900 kr.;2013;267000;2012-11-21;Diesel;20.8;170;A
34.800 kr.;2006;273000;2005-11-03;Benzin;12.7;143;M
184.900 kr.;2013;227000;2013-07-03;Diesel;19.6;204;A
189.000 kr.;2014;205000;2014-11-01;Diesel;23.3;170;A
109.700 kr.;2010;157000;2009-12-14;Benzin;11.9;184;A
259.000 kr.;2017;193000;2016-10-04;Diesel;22.7;170;A
184.900 kr.;2014;187000;2014-05-19;Diesel;23.3;170;A
233.000 kr.;2016;180000;2016-06-01;Benzin;18.2;184;A
344.900 kr.;2019;139000;2018-12-07;Diesel;22.7;194;A
49.500 kr.;2007;225000;2007-03-01;Benzin;12.5;143;M
349.500 kr.;2017;170000;2017-09-07;Diesel;21.7;170;A
339.900 kr.;2019;109000;2018-10-10;Diesel;25;194;A
275.000 kr.;2016;146000;2016-05-03;Benzin;18.2;184;A
289.500 kr.;2017;183000;2017-08-02;Diesel;21.3;170;A
129.800 kr.;2014;306000;2013-12-19;Diesel;18.9;136;A
369.800 kr.;2018;68000;2019-02-25;Benzin;17.2;184;A
144.900 kr.;2012;220000;2012-03-19;Diesel;19.6;170;A
239.900 kr.;2018;148000;2017-10-13;Diesel;22.7;170;A
200.000 kr.;2014;230000;2014-11-01;Diesel;23.3;170;A
299.900 kr.;2019;242000;2018-11-01;Diesel;23.4;194;A
139.999 kr.;2014;218000;2013-08-29;Diesel;19.6;136;A
165.375 kr.;2019;109000;2019-02-28;Diesel;23.9;194;A
399.895 kr.;2017;148000;2017-02-08;Benzin;15.4;245;A
350.000 kr.;2016;59000;2016-03-17;Benzin;11.9;510;A
99.500 kr.;2011;375000;2011-09-01;Diesel;20.8;170;M
299.900 kr.;2018;122000;2018-08-01;Benzin;18;184;A
294.990 kr.;2017;140000;2017-12-01;Diesel;21.3;170;A
155.000 kr.;2013;105000;2012-09-01;Benzin;15.2;184;M
279.900 kr.;2018;161000;2018-01-11;Diesel;21.3;170;A
319.900 kr.;2015;127000;2015-08-25;Diesel;21.3;170;A
379.700 kr.;2016;148000;2016-05-01;Diesel;22.7;204;A
377.500 kr.;2018;67000;2018-12-06;Diesel;23.4;194;A
249.995 kr.;2017;204000;2016-11-29;Diesel;22.2;170;A
309.900 kr.;2017;113000;2018-05-01;Diesel;22.7;170;A
349.995 kr.;2018;180000;2018-10-25;Diesel;23.4;194;A
109.000 kr.;2013;225000;2012-11-01;Diesel;20.8;120;M
244.700 kr.;2018;212000;2017-11-08;Diesel;21.3;170;A
158.500 kr.;2014;151000;2014-03-25;Diesel;20.8;120;M
299.000 kr.;2017;93000;2017-08-07;Diesel;22.7;170;A
519.000 kr.;2018;51000;2018-08-01;Benzin;15.9;184;A
95.000 kr.;2011;209000;2011-01-01;Diesel;20.4;136;A
115.000 kr.;2007;196000;2007-08-01;Diesel;13.7;224;A
369.900 kr.;2020;147000;2019-07-26;Diesel;24.4;194;A
334.900 kr.;2017;150000;2018-05-31;Diesel;21.3;170;A
199.899 kr.;2016;193000;2015-07-31;Diesel;21.7;136;A
230.000 kr.;2015;191000;2015-07-01;Diesel;21.3;170;A
229.900 kr.;2015;140000;2015-10-13;Diesel;22.7;170;A
279.500 kr.;2015;182000;2015-08-20;Diesel;22.2;204;A
288.000 kr.;2017;123000;2017-08-08;Diesel;21.3;170;A
229.900 kr.;2016;169900;2016-03-02;Diesel;23.3;170;A
430.000 kr.;2020;65000;2019-09-01;Diesel;25;194;A
389.000 kr.;2017;95000;2017-08-01;Benzin;17.5;184;A
319.900 kr.;2017;38500;2017-01-01;Diesel;22.7;170;A
400.000 kr.;2020;67000;2019-08-01;Diesel;24.4;194;A
85.000 kr.;2010;282000;2010-10-01;Diesel;17.2;170;A
328.500 kr.;2017;67000;2017-11-01;Benzin;17.9;184;A
459.800 kr.;2020;98000;2019-07-31;Diesel;22;245;A
78.888 kr.;2011;370000;2011-04-01;Diesel;19.2;136;M
365.000 kr.;2016;105000;2016-06-01;Benzin;11.6;510;A
61.000 kr.;2002;222000;2002-02-01;Benzin;9.4;170;A
229.900 kr.;2016;166000;2016-06-30;Diesel;22.7;136;A
249.900 kr.;2017;156000;2017-06-19;Diesel;22.7;170;A
489.500 kr.;2020;24000;2019-10-01;Plug-in hybrid Diesel;32.2;306;A
399.900 kr.;2020;56000;2019-10-11;Diesel;23.9;194;A
199.900 kr.;2015;179000;2015-01-15;Diesel;23.3;136;A
29.700 kr.;2005;437000;2005-07-04;Diesel;13.8;150;A
219.999 kr.;2016;138000;2016-08-03;Diesel;23.3;136;M
425.000 kr.;2020;39000;2020-06-01;Benzin;17.7;184;A
479.900 kr.;2020;41000;2020-06-01;Plug-in hybrid Benzin;31.1;320;A
99.900 kr.;2010;255000;2010-01-05;Diesel;16.7;170;A
129.500 kr.;2008;222000;2008-03-07;Benzin;10;272;A
269.900 kr.;2015;165000;2014-06-26;Diesel;22.7;170;A
59.500 kr.;2007;378000;2007-06-25;Diesel;15.2;170;A
249.900 kr.;2016;158000;2016-12-05;Diesel;22.7;136;A
649.990 kr.;2022;15000;2022-04-04;Plug-in hybrid Benzin;40.6;313;A
459.900 kr.;2020;50000;2020-11-12;Diesel;25;194;A
359.900 kr.;2018;49000;2018-04-25;Benzin;16.9;184;A
299.000 kr.;2017;107000;2016-11-08;Diesel;22.2;170;A
479.900 kr.;2017;135000;2017-03-01;Benzin;14.9;245;A
539.900 kr.;2021;12000;2021-06-02;Diesel;22.8;194;A
349.900 kr.;2016;90000;2016-09-28;Plug-in hybrid Benzin;26.8;279;A
34.900 kr.;2004;439000;2004-04-01;Diesel;14.7;150;A
179.900 kr.;2017;247000;2016-08-01;Diesel;22.7;136;A
259.400 kr.;2016;165000;2015-07-01;Diesel;22.2;204;A
259.900 kr.;2017;182000;2017-03-23;Diesel;22.7;136;A
79.900 kr.;2010;342000;2010-11-15;Diesel;18.2;136;A
219.700 kr.;2012;159000;2011-06-29;Diesel;13.9;231;A
219.700 kr.;2015;121000;2014-11-02;Benzin;18.9;184;M
489.800 kr.;2021;29000;2020-12-22;Plug-in hybrid Benzin;32.7;320;A
359.700 kr.;2016;76000;2016-02-25;Diesel;24.4;170;A
139.900 kr.;2011;124000;2011-07-04;Benzin;14.1;156;M
349.900 kr.;2019;132000;2019-02-28;Diesel;22.9;194;A
34.900 kr.;1996;183000;1996-12-02;Diesel;13.5;95;M
209.999 kr.;2015;124000;2015-03-06;Diesel;25.6;136;M
224.900 kr.;2015;158000;2015-06-01;Diesel;22.7;170;A
199.800 kr.;2016;190000;2015-12-23;Benzin;18.9;184;M
439.900 kr.;2019;166000;2019-03-21;Diesel;18.9;194;A
719.500 kr.;2017;83000;2017-03-02;Benzin;12.7;367;A
204.900 kr.;2015;177000;2015-05-12;Diesel;22.7;170;A
69.900 kr.;2008;272000;2008-09-25;Benzin;13.2;156;A
90.000 kr.;2011;292000;2010-12-01;Diesel;17.2;204;A
399.700 kr.;2019;69000;2018-11-30;Diesel;22.9;194;A
398.800 kr.;2018;114000;2018-07-23;Diesel;23.4;194;A
120.000 kr.;2012;275000;2012-05-10;Diesel;19.6;170;A
239.800 kr.;2013;121000;2014-04-09;Diesel;13.9;231;A
89.700 kr.;2010;172000;2010-03-22;Benzin;14.9;156;M
97.900 kr.;2012;233000;2012-06-27;Diesel;20.8;136;M
189.900 kr.;2015;291000;2014-12-16;Diesel;22.7;170;A
149.900 kr.;2012;340000;2012-11-27;Diesel;13.9;231;A
219.900 kr.;2015;196000;2014-08-29;Diesel;23.3;170;A
219.500 kr.;2015;262000;2015-06-12;Diesel;22.7;170;A
69.900 kr.;2006;266000;2006-06-28;Benzin;11.7;143;A
138.000 kr.;2013;219000;2013-05-31;Diesel;19.6;136;A
519.900 kr.;2017;28000;2016-10-31;Benzin;16.1;184;A
314.900 kr.;2018;103000;2018-01-12;Diesel;22.7;170;A
329.800 kr.;2018;93000;2018-10-08;Diesel;21.3;170;A
799.900 kr.;2019;42000;2019-03-01;Benzin;10.8;390;A
429.800 kr.;2020;127000;2019-10-14;Diesel;24.4;194;A
459.900 kr.;2019;110000;2018-11-01;Benzin;16.7;258;A
109.900 kr.;2010;164000;2010-04-16;Benzin;13.9;184;A
239.000 kr.;2015;170543;2015-04-27;Diesel;22.7;170;A
219.800 kr.;2016;190000;2016-01-01;Diesel;23.3;136;A
249.900 kr.;2016;144000;2015-09-30;Diesel;22.2;136;A
369.900 kr.;2020;98000;2019-09-11;Diesel;22.9;194;A
299.900 kr.;2018;129000;2018-07-02;Diesel;22.7;170;A
109.800 kr.;2016;225000;2016-06-20;Diesel;21.3;170;A
219.900 kr.;2016;185000;2017-03-31;Diesel;23.3;136;A
42.989 kr.;2007;410000;2007-10-31;Diesel;14.7;170;A
429.900 kr.;2020;112000;2020-02-04;Plug-in hybrid Diesel;32.2;306;A
69.900 kr.;2010;368000;2010-09-23;Diesel;17.2;136;A
298.500 kr.;2016;103000;2016-02-22;Diesel;21.3;170;A
169.800 kr.;2015;163000;2015-02-24;Diesel;23.3;136;M
429.900 kr.;2019;163000;2018-11-28;Diesel;20.8;194;A
999.500 kr.;2017;79000;2017-08-14;Benzin;11.9;510;A
344.900 kr.;2019;70000;2018-08-02;Diesel;25;194;A
269.400 kr.;2016;179000;2016-09-05;Diesel;22.7;170;A
259.900 kr.;2018;222000;2018-06-28;Diesel;22.7;170;A
349.900 kr.;2019;129000;2018-11-01;Diesel;22.9;194;A
165.375 kr.;2018;129600;2018-09-28;Diesel;23.9;194;A
152.710 kr.;2018;143900;2018-09-28;Diesel;22.9;194;A
157.925 kr.;2018;119700;2018-09-28;Diesel;22.9;194;A
229.900 kr.;2016;159000;2016-03-01;Diesel;23.3;170;M
599.900 kr.;2019;35000;2019-05-23;Benzin;15.6;184;A
369.900 kr.;2019;71000;2019-04-29;Diesel;23.9;194;A
349.900 kr.;2017;135000;2016-09-30;Diesel;21.3;170;A
79.900 kr.;2012;541000;2011-06-14;Diesel;19.6;136;A
284.900 kr.;2017;135000;2017-07-07;Benzin;18.2;184;A
119.400 kr.;2010;279000;2010-10-11;Diesel;15.2;204;A
469.900 kr.;2020;61000;2019-10-14;Diesel;24.4;194;A
329.900 kr.;2017;100000;2018-04-26;Benzin;16.9;184;A
164.800 kr.;2012;171000;2011-09-01;Diesel;20.8;170;A
129.700 kr.;2012;271000;2012-03-19;Diesel;19.6;170;A
269.900 kr.;2018;232000;2018-10-05;Diesel;21.3;170;A
349.900 kr.;2017;132000;2018-02-09;Benzin;16.9;184;A
29.900 kr.;2007;306000;2007-06-12;Benzin;11.4;143;A
26.900 kr.;2001;418000;2001-11-01;Benzin;10.2;129;A
314.800 kr.;2015;155000;2014-10-29;Diesel;22.7;170;A
148.900 kr.;2013;197000;2013-04-02;Diesel;19.6;136;A
499.990 kr.;2021;48000;2021-03-19;Plug-in hybrid Benzin;32.7;320;A
309.900 kr.;2018;102000;2018-04-06;Diesel;21.3;170;A
279.900 kr.;2018;131000;2018-06-01;Diesel;22.7;170;A
289.900 kr.;2018;138000;2018-05-14;Diesel;22.7;170;A
307.800 kr.;2017;109000;2017-02-02;Diesel;22.7;170;A
369.895 kr.;2019;130000;2018-11-09;Diesel;23.9;194;A
228.900 kr.;2015;115000;2015-01-30;Diesel;23.3;136;M
344.900 kr.;2016;139000;2016-03-31;Benzin;17.5;211;A
319.895 kr.;2018;105000;2018-05-08;Benzin;17.9;184;A
179.500 kr.;2014;258000;2014-03-11;Diesel;19.2;170;A
68.500 kr.;2005;258000;2004-09-01;Benzin;9.3;170;M
499.999 kr.;2013;159000;2013-01-01;Benzin;8.2;487;A
379.895 kr.;2019;76000;2019-01-31;Diesel;22.9;194;A
379.895 kr.;2019;79000;2018-12-27;Diesel;22.9;194;A
249.900 kr.;2014;158000;2014-09-30;Diesel;22.2;170;A
74.400 kr.;2011;419000;2011-03-17;Diesel;17.2;204;A
419.895 kr.;2020;40000;2019-12-19;Diesel;22.9;194;A
439.895 kr.;2020;22000;2019-12-27;Diesel;22.9;194;A
386.800 kr.;2019;95000;2018-10-10;Diesel;23.4;194;A
519.895 kr.;2020;58000;2020-01-28;Benzin;16.7;258;A
84.999 kr.;2008;235000;2007-12-06;Benzin;13;156;A
259.700 kr.;2018;159000;2018-06-01;Diesel;21.3;170;A
419.900 kr.;2020;87000;2019-11-19;Plug-in hybrid Diesel;32.2;306;A
259.900 kr.;2015;115000;2015-01-07;Diesel;22.2;170;A
449.900 kr.;2020;63000;2019-11-08;Plug-in hybrid Diesel;32.2;306;A
399.900 kr.;2018;70000;2018-08-16;Diesel;22.9;194;A
299.999 kr.;2016;144000;2016-08-15;Diesel;22.2;204;A
459.990 kr.;2019;85000;2019-01-08;Diesel;18.9;194;A
459.990 kr.;2019;80000;2019-03-25;Diesel;18.9;194;A
459.990 kr.;2019;85000;2019-01-08;Diesel;18.9;194;A
459.990 kr.;2019;80000;2019-03-25;Diesel;18.9;194;A
299.000 kr.;2016;120000;2016-06-03;Diesel;22.7;170;A
33.900 kr.;1996;254000;1996-05-09;Benzin;9.4;193;M
99.900 kr.;2012;250000;2012-09-27;Diesel;20;136;M
244.700 kr.;2018;205000;2018-06-29;Diesel;22.7;170;A
450.000 kr.;2019;54000;2019-04-26;Diesel;25;194;A
199.900 kr.;2015;144000;2015-09-30;Diesel;23.3;136;M
399.895 kr.;2019;62000;2019-01-21;Benzin;17.2;184;A
299.900 kr.;2017;130000;2017-01-06;Diesel;21.3;170;A
369.900 kr.;2015;104000;2015-05-11;Benzin;13;333;A
219.900 kr.;2014;98000;2014-03-10;Diesel;25;170;M
114.400 kr.;2010;184000;2010-11-30;Diesel;19.2;136;M
519.999 kr.;2022;25000;2021-07-14;Benzin;18.9;204;A
389.800 kr.;2017;93000;2017-01-16;Diesel;20.4;170;A
299.900 kr.;2017;192000;2017-11-28;Diesel;21.3;170;A
439.800 kr.;2020;69000;2020-04-29;Plug-in hybrid Diesel;32.2;306;A
338.000 kr.;2017;126000;2016-09-05;Plug-in hybrid Benzin;26.8;279;A
299.800 kr.;2017;141000;2017-06-29;Diesel;22.7;170;A
249.900 kr.;2015;189000;2015-07-07;Diesel;22.7;170;A
149.900 kr.;2014;232000;2013-07-01;Diesel;19.6;170;A
84.900 kr.;2017;218000;2017-05-02;Diesel;23.3;170;M
549.800 kr.;2017;107000;2017-05-24;Benzin;14.9;245;A
264.000 kr.;2017;111000;2017-01-17;Diesel;22.2;136;A
249.900 kr.;2016;191000;2016-05-11;Diesel;21.3;170;A
329.900 kr.;2019;149000;2019-04-25;Diesel;22.9;194;A
4.713 kr.;2017;86000;2017-01-10;Benzin;11.9;510;A
699.999 kr.;2015;119000;2015-05-19;Benzin;11.9;476;A
234.700 kr.;2018;233000;2017-11-30;Diesel;21.3;170;A
279.800 kr.;2017;147000;2017-08-28;Diesel;22.7;170;A
339.800 kr.;2019;137000;2019-01-14;Diesel;22.9;194;A
109.400 kr.;2013;268000;2012-11-29;Diesel;20.8;136;M
235.000 kr.;2016;98000;2016-04-28;Benzin;12.7;367;A
329.800 kr.;2017;143000;2016-12-20;Diesel;22.7;170;A
629.890 kr.;2022;15000;2021-12-14;Diesel;25.7;200;A
414.900 kr.;2018;47000;2018-11-19;Diesel;22.9;194;A
94.900 kr.;2011;332000;2011-12-07;Diesel;20;136;M
259.900 kr.;2016;170000;2015-11-04;Diesel;22.7;170;A
149.500 kr.;2013;332000;2012-09-03;Diesel;19.6;136;A
349.500 kr.;2018;78000;2018-07-01;Diesel;22.9;194;A
324.900 kr.;2016;112950;2016-06-16;Diesel;21.3;170;A
299.800 kr.;2015;127000;2015-05-22;Benzin;17.9;211;A
299.995 kr.;2017;142000;2017-08-01;Diesel;21.7;170;A
634.900 kr.;2017;91000;2016-08-01;Benzin;12.3;367;A
140.000 kr.;2012;406000;2012-12-19;Diesel;19.6;170;A
284.800 kr.;2015;107000;2015-05-04;Diesel;23.3;170;A
329.800 kr.;2018;93000;2018-10-08;Diesel;20.8;150;A
45.000 kr.;2011;385000;2011-04-28;Diesel;16.9;204;A
319.800 kr.;2017;127000;2017-06-07;Diesel;21.7;170;A
459.900 kr.;2021;54000;2021-01-12;Plug-in hybrid Diesel;32.2;306;A
284.900 kr.;2017;143000;2017-03-16;Diesel;21.3;170;A
259.900 kr.;2015;97000;2015-01-12;Benzin;18.9;184;A
289.800 kr.;2017;109000;2017-01-18;Benzin;18.2;184;A
319.800 kr.;2018;61000;2018-04-04;Benzin;17.5;184;A
629.800 kr.;2022;5300;2022-06-15;Diesel;24.2;200;A
204.800 kr.;2014;146000;2014-04-10;Diesel;19.6;136;A
89.700 kr.;2007;55000;2007-09-05;Diesel;13.7;224;A
344.500 kr.;2016;97000;2016-08-18;Benzin;18.5;184;A
134.900 kr.;2013;266000;2013-01-15;Diesel;19.6;170;A
126.900 kr.;2012;272000;2012-03-01;Diesel;19.2;170;A
369.900 kr.;2019;116000;2019-08-30;Diesel;22.9;194;A
44.900 kr.;2010;419000;2010-03-12;Diesel;20;136;M
299.800 kr.;2016;95000;2016-01-01;Benzin;18.6;156;A
119.900 kr.;2013;175000;2013-04-24;Diesel;20.8;120;M
439.900 kr.;2017;179000;2016-12-29;Diesel;20.8;170;M
191.450 kr.;2019;137630;2019-06-28;Diesel;23.4;194;A
119.900 kr.;2016;80000;2017-06-16;Diesel;22.7;170;A
319.900 kr.;2016;102000;2016-04-07;Benzin;18.9;184;M
179.980 kr.;2013;141000;2013-04-23;Benzin;17.2;156;A
49.800 kr.;2007;501000;2007-10-29;Diesel;14.7;170;A
728.900 kr.;2018;71000;2018-05-14;Benzin;12.7;367;A
84.900 kr.;2009;288500;2009-06-02;Benzin;12.8;156;M
199.700 kr.;2015;192000;2014-10-31;Diesel;22.7;170;A
69.900 kr.;2011;227000;2010-12-14;Diesel;20;136;M
239.400 kr.;2015;162000;2014-09-25;Diesel;22.2;170;A
814.995 kr.;2016;98000;2017-02-08;Benzin;12;367;A
145.000 kr.;2013;241500;2013-01-01;Diesel;20.8;170;A
187.725 kr.;2018;68000;2018-12-21;Diesel;23.9;194;A
489.900 kr.;2021;33000;2020-08-18;Plug-in hybrid Diesel;32.2;306;A
109.900 kr.;2012;302000;2012-12-05;Diesel;20;136;M
549.900 kr.;2016;30000;2016-11-11;Benzin;16.1;184;A
369.900 kr.;2016;46000;2016-03-03;Benzin;18.5;184;A
649.799 kr.;2022;1000;2022-08-16;Diesel;26.9;200;A
299.800 kr.;2015;80000;2015-01-01;Diesel;22.2;170;A
329.900 kr.;2017;97000;2016-10-19;Diesel;20.8;204;A
479.900 kr.;2020;54000;2020-02-27;Plug-in hybrid Diesel;31.6;306;A
534.000 kr.;2022;20000;2021-10-13;Diesel;26.9;200;A
329.995 kr.;2015;104000;2015-04-08;Diesel;22.2;204;A
355.000 kr.;2018;97500;2018-01-01;Diesel;20.8;194;A
329.900 kr.;2016;97000;2016-02-25;Diesel;21.3;170;A
469.999 kr.;2020;23000;2020-10-21;Plug-in hybrid Benzin;32.7;320;A
230.000 kr.;2017;98000;2017-03-23;Benzin;12.3;367;A
324.800 kr.;2017;156000;2017-11-16;Diesel;20.8;170;A
409.900 kr.;2019;105000;2019-04-29;Diesel;22.9;194;A
459.900 kr.;2019;99000;2018-09-03;Diesel;23.4;194;A
146.900 kr.;2014;150000;2013-09-11;Diesel;20.8;120;M
89.900 kr.;2008;231000;2008-07-16;Diesel;13.7;224;A
400.000 kr.;2017;88000;2016-11-28;Benzin;13;333;A
129.800 kr.;2010;151000;2010-06-29;Diesel;17.2;136;A
449.900 kr.;2020;32000;2020-07-31;Diesel;22.9;194;A
554.900 kr.;2020;34000;2020-10-22;Plug-in hybrid Diesel;32.2;306;A
309.999 kr.;2017;99000;2017-09-27;Diesel;22.7;170;A
139.900 kr.;2012;160000;2012-09-27;Benzin;15.4;156;A
169.500 kr.;2013;309000;2013-02-07;Diesel;19.2;170;A
999.900 kr.;2019;14000;2019-05-08;Benzin;11;510;A
239.900 kr.;2017;155000;2017-01-31;Diesel;22.7;136;A
289.900 kr.;2017;139000;2017-01-13;Diesel;23.3;170;A
359.999 kr.;2019;143000;2018-08-06;Diesel;20.8;194;A
179.700 kr.;2016;195000;2015-12-16;Diesel;23.3;136;M
169.500 kr.;2013;250000;2013-06-18;Diesel;18.9;136;A
214.990 kr.;2014;279000;2014-09-01;Diesel;21.7;170;A
84.800 kr.;2011;220000;2011-03-31;Diesel;18.2;136;A
160.000 kr.;2008;160000;2008-06-20;Benzin;7.5;457;A
300.000 kr.;2015;147000;2015-05-22;Benzin;12.2;510;A
149.400 kr.;2009;186000;2008-11-03;Diesel;13.7;224;A
359.900 kr.;2017;76000;2017-10-17;Benzin;11.9;510;A
100.000 kr.;2016;178000;2016-03-16;Diesel;21.3;170;A
389.900 kr.;2019;69000;2018-12-11;Diesel;22.9;194;A
269.900 kr.;2015;163000;2015-01-02;Diesel;22.7;170;A
224.500 kr.;2015;148000;2015-07-07;Diesel;23.3;136;A
299.900 kr.;2015;251899;2015-08-20;Diesel;21.7;204;A
469.900 kr.;2020;34000;2020-07-09;Plug-in hybrid Diesel;32.2;306;A
489.900 kr.;2020;5000;2020-10-08;Plug-in hybrid Benzin;32.7;320;A
469.900 kr.;2020;10000;2019-11-14;Plug-in hybrid Diesel;31.6;306;A
429.900 kr.;2020;81000;2019-07-31;Diesel;22.9;194;A
445.000 kr.;2020;20000;2020-05-14;Diesel;25;194;A
379.900 kr.;2020;157000;2019-12-30;Diesel;24.4;194;A
284.900 kr.;1995;83545;1995-06-29;Benzin;9.3;280;A
374.900 kr.;2018;155000;2018-10-31;Diesel;23.4;194;A
379.900 kr.;2019;89000;2018-09-28;Diesel;23.9;194;A
47.900 kr.;1994;139000;1994-06-30;Benzin;10.6;122;M
129.900 kr.;2010;187000;2010-03-01;Benzin;14.1;156;A
319.900 kr.;2017;162000;2018-06-04;Diesel;21.3;170;A
259.800 kr.;2017;130000;2017-07-04;Diesel;23.3;170;M
349.900 kr.;2018;66000;2018-08-31;Diesel;22.7;170;A
135.800 kr.;2010;228000;2010-08-17;Diesel;15.2;231;A
289.900 kr.;2016;73000;2017-08-28;Diesel;22.2;136;A
319.800 kr.;2015;241000;2015-05-22;Diesel;20;204;A
34.800 kr.;2003;326000;2003-06-26;Diesel;14.9;143;A
259.900 kr.;2012;54000;2011-12-07;Benzin;17.2;156;A
199.900 kr.;2012;232000;2012-07-25;Diesel;21.3;170;M
189.900 kr.;2014;224000;2014-04-14;Diesel;25;170;M
14.400 kr.;1994;264000;1993-12-06;Diesel;14.3;113;M
69.900 kr.;1993;95000;1993-09-22;Benzin;9.4;193;M
163.000 kr.;2013;190000;2012-12-01;Diesel;21.3;170;M
159.995 kr.;2012;284000;2011-10-01;Diesel;19.6;136;A
