price;model_year;km;reg;fuel_type;fuel_economy;horse_power;gear_type;zip_code
199.900 kr.;2022;12000;2022-06-14;Benzin;24.2;125;M;2630
100.000 kr.;2015;120000;2016-06-24;Benzin;22.2;140;M;2610
179.900 kr.;2021;31000;2020-12-03;Benzin;27.5;155;M;2630
134.900 kr.;2019;62000;2019-01-30;Diesel;28.9;85;M;9300
129.900 kr.;2017;81000;2017-08-30;Benzin;23.3;100;M;6200
124.900 kr.;2017;64000;2017-05-08;Benzin;23.3;125;M;9800
79.900 kr.;2015;120000;2014-12-22;Benzin;23.3;100;M;6200
239.900 kr.;2018;72000;2019-01-30;Benzin;18.3;200;M;5750
69.990 kr.;2014;135000;2013-10-24;Benzin;23.3;100;M;2880
164.900 kr.;2019;31000;2019-05-28;Benzin;26.2;125;M;7500
159.900 kr.;2021;48500;2020-12-16;Benzin;24.2;125;M;6200
139.900 kr.;2018;33000;2018-03-28;Benzin;19.6;85;M;6100
76.780 kr.;2014;136000;2014-03-11;Benzin;23.3;100;M;3480
74.900 kr.;2014;168000;2013-10-22;Benzin;23.3;125;M;9500
164.800 kr.;2018;95000;2018-02-01;Benzin;19.2;100;A;7800
89.900 kr.;2016;43000;2017-03-31;Benzin;23.3;80;M;4320
149.900 kr.;2019;63000;2019-06-28;Benzin;23.4;100;M;7700
109.900 kr.;2018;101000;2018-03-15;Diesel;28.6;85;M;3300
96.500 kr.;2014;122000;2015-01-09;Benzin;22.2;140;M;8361
159.700 kr.;2019;33000;2019-06-06;Benzin;23.4;100;M;8250
79.500 kr.;2015;152000;2015-06-03;Benzin;23.3;100;M;4700
219.900 kr.;2022;4000;2022-06-16;Benzin;24.2;125;M;6740
164.500 kr.;2019;52000;2019-07-19;Benzin;23.4;125;M;8520
159.500 kr.;2020;62000;2020-08-31;Diesel;31.4;85;M;9500
224.800 kr.;2022;4200;2022-06-10;Benzin;24.2;125;M;7400
74.900 kr.;2012;65000;2012-02-22;Benzin;17.2;96;M;4200
239.900 kr.;2022;5000;2022-07-08;Benzin;24.2;155;M;8960
34.900 kr.;2011;273000;2011-05-23;Diesel;27;95;M;8600
179.800 kr.;2019;60000;2019-04-24;Benzin;22.4;140;M;7700
164.900 kr.;2019;28000;2019-08-30;Benzin;23.4;100;M;2605
99.900 kr.;2017;33000;2017-09-21;Diesel;31.3;95;M;2605
69.900 kr.;2013;182000;2013-05-28;Diesel;27.8;95;M;4600
79.900 kr.;2014;63000;2015-01-26;Benzin;23.3;100;M;4500
109.900 kr.;2016;93000;2017-01-24;Benzin;23.3;125;M;6740
159.500 kr.;2020;24000;2020-04-06;Benzin;26.8;95;M;5260
36.500 kr.;2011;148000;2011-09-22;Diesel;24.4;95;M;4000
79.999 kr.;2014;143000;2014-02-13;Benzin;23.3;125;M;2610
144.900 kr.;2018;107000;2018-01-02;Benzin;22.2;140;M;8600
239.800 kr.;2021;10000;2021-04-26;Benzin;23.9;125;A;3460
39.999 kr.;2010;266000;2010-05-11;Benzin;18.2;60;M;2860
110.000 kr.;2018;87000;2018-06-15;Diesel;28.6;85;M;2610
99.700 kr.;2016;110000;2016-10-27;Benzin;23.3;125;M;8600
154.500 kr.;2018;105000;2018-05-08;Benzin;23.3;125;M;8361
209.900 kr.;2022;5500;2022-01-21;Benzin;24.2;125;M;8700
109.900 kr.;2018;72000;2018-06-22;Diesel;28.6;85;M;6000
189.900 kr.;2021;18000;2021-03-29;Benzin;24.2;125;M;6400
174.900 kr.;2020;60000;2020-02-07;Diesel;31.4;85;M;7400
96.900 kr.;2015;119000;2015-10-30;Benzin;23.3;125;M;7160
164.900 kr.;2018;94000;2018-09-24;Benzin;22.2;140;M;2650
169.400 kr.;2019;68000;2019-11-11;Benzin;22.4;140;M;4000
79.800 kr.;2016;127000;2015-10-29;Benzin;23.3;80;M;4700
229.900 kr.;2022;4;2022-08-11;Benzin;24.2;125;M;8210
79.500 kr.;2017;165000;2016-11-01;Benzin;23.3;125;M;4700
144.000 kr.;2017;74000;2017-07-13;Benzin;23.3;100;M;6950
104.900 kr.;2016;95000;2016-07-19;Benzin;23.3;125;M;2610
189.900 kr.;2021;15000;2021-09-30;Benzin;24.2;125;M;8210
129.900 kr.;2017;98000;2017-11-24;Benzin;23.3;100;M;6200
214.900 kr.;2021;12500;2021-09-28;Benzin;24.2;155;M;8210
249.900 kr.;2022;2000;2022-10-20;Benzin;24.2;125;M;4500
239.900 kr.;2021;9000;2021-09-28;Benzin;22.8;125;A;8210
244.900 kr.;2022;100;2022-10-24;Benzin;24.2;125;M;6705
79.500 kr.;2015;157000;2015-09-24;Benzin;23.3;125;M;4200
114.900 kr.;2016;85000;2016-12-30;Benzin;23.3;125;M;4622
199.800 kr.;2022;2000;2022-02-10;Benzin;24.2;125;M;2970
85.900 kr.;2015;112000;2015-03-20;Diesel;27.8;95;M;7160
189.900 kr.;2021;12000;2021-12-08;Benzin;24.2;125;M;8210
184.800 kr.;2019;68000;2019-06-19;Benzin;22.4;140;M;7400
194.800 kr.;2020;35000;2020-02-29;Benzin;23.4;140;M;4000
199.900 kr.;2020;16400;2020-09-30;Diesel;31.4;85;M;4600
169.900 kr.;2019;71000;2019-09-30;Benzin;23.4;125;M;6200
189.500 kr.;2019;79000;2019-09-12;Benzin;19.6;100;A;6950
119.500 kr.;2017;82000;2017-02-02;Benzin;23.3;125;M;9500
189.500 kr.;2019;83000;2019-09-01;Benzin;19.6;100;A;6950
89.900 kr.;2017;139000;2017-01-11;Diesel;30.3;85;M;5750
164.900 kr.;2019;13500;2019-10-23;Benzin;23.4;125;M;4400
129.900 kr.;2018;96000;2018-06-07;Benzin;23.3;125;M;4600
159.900 kr.;2018;36000;2018-10-31;Benzin;22.9;100;M;8960
199.900 kr.;2019;49000;2019-09-27;Benzin;19.6;100;A;2500
164.900 kr.;2019;59500;2019-05-29;Benzin;23.4;100;M;4600
86.900 kr.;2015;125000;2015-01-19;Benzin;23.3;125;M;4500
194.900 kr.;2020;21000;2020-03-04;Benzin;23.4;140;M;8763
164.900 kr.;2019;37000;2019-06-20;Benzin;22;100;M;7700
199.000 kr.;2021;10000;2022-01-28;Benzin;27.5;155;M;8240
194.800 kr.;2020;46000;2020-03-19;Benzin;19.6;100;A;2970
199.900 kr.;2022;50;2022-10-12;Benzin;22.9;75;M;7500
69.900 kr.;2012;59000;2011-06-07;Benzin;17.5;96;M;5750
169.900 kr.;2021;10600;2021-02-03;Benzin;24.2;125;M;2200
119.900 kr.;2015;29980;2015-06-25;Benzin;20.4;100;A;8240
169.900 kr.;2018;45000;2018-11-20;Benzin;22.2;140;M;6400
169.900 kr.;2019;82800;2019-09-30;Benzin;22.4;140;M;6600
149.900 kr.;2018;81000;2018-06-04;Benzin;20;100;M;7700
219.900 kr.;2022;6000;2022-02-28;Benzin;24.2;125;M;6740
34.900 kr.;2012;211000;2012-10-22;Benzin;18.5;60;M;4700
209.000 kr.;2021;12760;2021-09-28;Benzin;23.7;125;M;8660
249.900 kr.;2019;47000;2019-01-18;Benzin;18.3;200;M;4600
209.900 kr.;2019;45000;2019-06-28;Benzin;19.3;100;A;4600
132.000 kr.;2019;116000;2019-03-27;Benzin;22.9;125;M;8660
214.800 kr.;2018;88000;2018-09-14;Benzin;18.3;200;M;2860
87.400 kr.;2016;144000;2016-01-26;Benzin;23.3;100;M;4700
99.900 kr.;2016;29000;2016-09-09;Diesel;31.3;95;M;7000
249.800 kr.;2019;47000;2019-06-14;Benzin;18.3;200;M;2500
99.900 kr.;2015;96000;2016-06-28;Benzin;23.3;100;M;6100
159.700 kr.;2018;91000;2018-02-13;Benzin;19.6;140;M;8250
209.900 kr.;2022;2000;2022-03-28;Benzin;24.2;125;M;5500
174.900 kr.;2020;30000;2020-09-30;Diesel;31.4;85;M;4760
237.900 kr.;2022;100;2022-10-24;Benzin;24.2;125;M;6705
69.900 kr.;2012;107000;2012-04-30;Benzin;17.9;82;M;4293
169.900 kr.;2019;14000;2019-01-18;Benzin;22.9;100;M;4760
119.900 kr.;2017;112000;2017-03-29;Benzin;23.3;125;M;8520
219.900 kr.;2022;4000;2022-02-07;Benzin;24.2;125;M;2500
109.900 kr.;2015;72000;2015-12-18;Benzin;20.4;100;A;6740
79.900 kr.;2016;78000;2016-08-10;Benzin;23.3;65;M;8762
149.900 kr.;2018;73500;2018-08-28;Benzin;23.3;125;M;8940
209.900 kr.;2022;0;2022-09-28;Benzin;24.2;125;M;2860
209.900 kr.;2022;3;2022-10-27;Benzin;24.2;125;M;2860
127.000 kr.;2019;46000;2019-12-30;Benzin;21.6;85;M;8660
209.900 kr.;2022;4000;2022-09-28;Benzin;24.2;125;M;2860
144.900 kr.;2018;59000;2018-07-31;Benzin;22.9;100;M;7000
259.900 kr.;2020;60000;2020-02-21;Benzin;18.3;200;M;6705
63.900 kr.;2012;101000;2012-11-01;Benzin;17.5;96;M;4000
162.500 kr.;2020;28000;2020-08-31;Diesel;31.4;85;M;4200
149.900 kr.;2019;63000;2019-09-30;Benzin;23.4;125;M;8210
189.600 kr.;2022;10000;2022-03-14;Benzin;24.2;125;M;3460
179.900 kr.;2018;9000;2018-11-16;Benzin;21.6;140;M;6100
119.500 kr.;2015;10000;2015-07-31;Benzin;23.3;125;M;9500
159.800 kr.;2018;46000;2018-09-28;Benzin;22;125;M;3460
174.900 kr.;2020;36000;2020-01-20;Benzin;27.5;125;M;4600
74.900 kr.;2015;159000;2014-09-29;Benzin;23.3;100;M;5750
249.500 kr.;2022;100;2022-10-10;Benzin;24.2;125;M;6950
187.900 kr.;2018;36000;2019-01-21;Benzin;21.6;140;M;6000
89.500 kr.;2016;146000;2016-06-15;Benzin;23.3;125;M;4700
159.700 kr.;2019;71000;2019-06-20;Benzin;22.4;140;M;9500
147.900 kr.;2018;98000;2018-03-05;Benzin;22.2;140;M;4320
79.900 kr.;2014;131000;2014-01-29;Benzin;23.3;100;M;7100
121.500 kr.;2015;79000;2015-04-30;Benzin;20.4;100;A;8361
194.900 kr.;2021;21500;2020-12-16;Benzin;27.5;125;M;9400
79.900 kr.;2015;121000;2014-11-21;Benzin;23.3;100;M;7000
104.900 kr.;2018;106000;2018-01-11;Diesel;28.6;85;M;6800
209.900 kr.;2021;10000;2021-12-23;Benzin;24.2;155;M;2500
99.900 kr.;2015;67000;2014-08-29;Benzin;23.3;125;M;3520
204.900 kr.;2018;105000;2018-08-15;Benzin;18.3;200;M;2860
139.900 kr.;2018;62000;2017-12-06;Benzin;23.3;100;M;2600
74.500 kr.;2014;140000;2014-09-29;Benzin;23.3;125;M;4700
229.900 kr.;2022;3500;2022-02-23;Benzin;24.2;125;M;6705
19.900 kr.;2006;163000;2006-09-05;Benzin;16.4;70;M;2730
214.900 kr.;2022;200;2022-09-15;Benzin;24.2;125;M;7000
179.900 kr.;2019;42000;2019-11-04;Benzin;21.6;140;M;8270
42.900 kr.;2014;285000;2014-03-28;Diesel;30.3;95;M;8830
94.800 kr.;2015;86000;2015-07-30;Benzin;23.3;100;M;6760
189.900 kr.;2022;10000;2022-02-10;Benzin;24.2;125;M;7500
69.900 kr.;2015;149000;2015-03-27;Benzin;23.3;65;M;2600
169.900 kr.;2018;48000;2017-11-30;Benzin;22.2;140;M;2750
89.900 kr.;2016;75000;2016-05-18;Benzin;23.3;100;M;4300
220.000 kr.;2022;3000;2022-09-22;Benzin;24.2;125;M;8240
198.900 kr.;2020;44000;2020-10-14;Benzin;27.5;155;M;9440
86.900 kr.;2015;137000;2015-11-17;Benzin;23.3;100;M;4500
37.250 kr.;2011;237000;2011-09-01;Benzin;16.9;134;M;2980
209.700 kr.;2019;35000;2019-09-18;Benzin;19.6;100;A;8250
79.900 kr.;2015;127000;2014-10-22;Benzin;23.3;100;M;2600
74.900 kr.;2014;153000;2014-04-25;Benzin;23.3;100;M;7100
209.900 kr.;2022;5000;2022-03-31;Benzin;24.2;125;M;2200
24.900 kr.;2010;304000;2010-10-27;Diesel;24.4;95;M;8620
164.900 kr.;2019;52000;2019-02-18;Benzin;23.4;125;M;2500
139.900 kr.;2017;64000;2017-07-31;Benzin;23.3;100;M;6640
209.900 kr.;2021;27000;2021-06-09;Benzin;23.7;155;M;6705
42.000 kr.;2012;200000;2012-01-12;Benzin;18.2;60;M;5260
172.172 kr.;2018;64000;2018-12-06;Benzin;21.6;140;M;6740
109.800 kr.;2017;67000;2017-01-19;Diesel;31.3;95;M;5270
179.900 kr.;2018;36000;2019-01-17;Benzin;20.8;140;M;5500
154.900 kr.;2018;51500;2018-09-21;Benzin;23.3;100;M;2500
250.900 kr.;2022;2000;2022-10-31;Benzin;22.9;125;A;3000
250.900 kr.;2022;100;2022-10-31;Benzin;22.9;125;A;3000
184.900 kr.;2019;71000;2019-10-30;Benzin;22;140;M;6705
78.990 kr.;2014;130000;2014-11-11;Benzin;23.3;125;M;2880
198.700 kr.;2021;7500;2021-09-27;Benzin;24.2;155;M;7400
157.000 kr.;2020;35000;2020-03-06;Diesel;31.4;85;M;2630
179.900 kr.;2018;83000;2018-09-06;Benzin;23.3;125;M;6950
69.900 kr.;2014;114000;2013-11-28;Benzin;23.3;65;M;4500
214.900 kr.;2019;23000;2019-10-16;Benzin;19.6;100;A;6740
55.000 kr.;2005;134000;2005-04-01;Benzin;13.5;150;M;4690
229.900 kr.;2022;1000;2022-06-21;Benzin;24.2;125;M;6760
84.980 kr.;2014;101000;2014-03-31;Benzin;23.3;125;M;9000
69.900 kr.;2016;88000;2016-09-01;Benzin;23.3;65;M;8600
119.900 kr.;2017;55000;2017-05-30;Benzin;23.3;125;M;6200
47.900 kr.;2009;131000;2009-09-23;Benzin;18.2;60;M;4293
149.900 kr.;2018;33000;2018-07-19;Benzin;23.3;100;M;4100
174.800 kr.;2020;3500;2020-07-31;Benzin;26.8;95;M;4600
179.900 kr.;2019;56000;2019-05-31;Benzin;22.4;140;M;4100
99.980 kr.;2015;74000;2014-11-21;Benzin;23.3;125;M;4653
69.000 kr.;2005;230000;2005-05-01;Benzin;13.5;150;M;1905
79.800 kr.;2015;154000;2015-11-26;Benzin;23.3;125;M;8722
79.000 kr.;2014;98000;2014-09-01;Benzin;23.3;100;M;6200
64.500 kr.;2014;163000;2013-10-01;Benzin;23.3;125;M;6740
155.000 kr.;2020;45000;2020-12-01;Diesel;31.4;85;M;8800
78.300 kr.;2014;101000;2013-10-29;Benzin;23.3;125;M;4700
169.900 kr.;2020;39000;2020-12-08;Diesel;31.4;85;M;6200
67.500 kr.;2014;206000;2014-05-01;Benzin;23.3;125;M;8680
164.900 kr.;2019;47000;2019-09-30;Benzin;22.4;140;M;8920
24.499 kr.;2009;259000;2009-01-01;Diesel;27;90;M;6715
99.800 kr.;2014;102000;2014-05-28;Benzin;23.3;100;M;4681
219.900 kr.;2021;4000;2021-06-30;Benzin;23.7;155;M;2500
219.900 kr.;2022;2000;2022-06-28;Benzin;24.2;125;M;2750
154.500 kr.;2018;114000;2018-01-18;Benzin;22.2;140;M;9500
189.400 kr.;2018;23000;2018-08-30;Benzin;19.2;100;A;3460
109.800 kr.;2017;128000;2017-05-03;Benzin;23.3;125;M;4200
179.900 kr.;2019;46000;2019-05-31;Benzin;22;140;M;4200
144.900 kr.;2018;79500;2018-06-27;Benzin;23.3;125;M;3000
159.900 kr.;2017;98000;2017-07-28;Benzin;23.3;125;M;2650
164.900 kr.;2021;20000;2021-06-14;Benzin;27.5;125;M;4600
24.900 kr.;2005;90000;2005-05-27;Benzin;15.6;80;M;7000
89.500 kr.;2014;104000;2014-07-07;Benzin;23.3;125;M;3630
119.900 kr.;2015;66000;2015-09-24;Benzin;22.2;140;M;5492
69.900 kr.;2014;106000;2014-06-11;Benzin;23.3;65;M;6400
159.790 kr.;2020;44000;2020-07-15;Diesel;31.4;85;M;8660
274.900 kr.;2022;3000;2022-06-28;Benzin;22.9;125;A;2750
59.800 kr.;2011;92000;2011-03-21;Benzin;18.2;60;M;4700
119.900 kr.;2016;115000;2016-11-22;Benzin;23.3;125;M;6000
159.900 kr.;2019;14000;2019-07-31;Benzin;23.4;100;M;3300
159.900 kr.;2020;28000;2020-09-09;Diesel;31.4;85;M;3300
104.900 kr.;2016;83000;2016-05-19;Benzin;23.3;125;M;9440
162.000 kr.;2020;18000;2020-01-29;Diesel;31.4;85;M;7000
49.900 kr.;2012;128000;2012-12-11;Benzin;17.9;82;M;2610
179.900 kr.;2020;41000;2019-11-01;Benzin;22.4;140;M;8000
154.800 kr.;2019;85000;2019-04-08;Benzin;22.4;140;M;8260
74.900 kr.;2014;63000;2014-02-26;Benzin;23.3;65;M;5000
59.900 kr.;2012;146000;2012-12-14;Benzin;18.5;60;M;7171
49.900 kr.;2010;73000;2010-06-18;Benzin;18.2;60;M;8600
239.800 kr.;2022;9000;2022-07-05;Benzin;24.2;155;M;2630
99.900 kr.;2014;47000;2014-03-28;Benzin;23.3;100;M;4600
204.900 kr.;2021;28500;2021-07-16;Benzin;27.5;155;M;4600
199.000 kr.;2022;100;2022-05-10;Benzin;24.2;125;M;6950
99.900 kr.;2014;33000;2014-10-07;Benzin;23.3;100;M;6650
62.900 kr.;2014;191000;2013-10-28;Benzin;23.3;125;M;6670
99.900 kr.;2015;58000;2015-12-01;Benzin;23.3;80;M;2750
129.900 kr.;2018;92000;2018-07-26;Benzin;23.3;125;M;5400
152.900 kr.;2020;47000;2020-01-09;Diesel;31.4;85;M;3000
99.900 kr.;2016;89900;2016-06-28;Benzin;23.3;125;M;8700
79.999 kr.;2013;102000;2013-04-16;Benzin;23.3;100;M;8361
169.500 kr.;2018;57000;2018-03-01;Benzin;19.6;140;M;2880
80.000 kr.;2013;87000;2013-06-01;Benzin;23.3;125;M;4300
70.999 kr.;2014;124000;2014-04-01;Benzin;23.3;100;M;9850
134.980 kr.;2017;51000;2017-07-31;Benzin;23.3;100;M;2750
99.800 kr.;2016;103000;2016-08-26;Benzin;23.3;125;M;4600
156.800 kr.;2019;47000;2019-08-20;Benzin;23.4;100;M;5750
169.900 kr.;2020;44000;2020-04-07;Diesel;31.4;85;M;7700
224.900 kr.;2022;2000;2022-09-26;Benzin;24.2;125;M;3000
109.995 kr.;2014;137000;2013-10-01;Benzin;16.9;182;M;2665
142.900 kr.;2018;30000;2018-09-27;Benzin;20.8;100;M;8700
149.700 kr.;2019;31500;2019-05-07;Benzin;21.6;85;M;8250
34.000 kr.;2008;149000;2008-05-16;Benzin;16.1;80;M;2625
224.000 kr.;2022;100;2022-11-24;Benzin;24.2;125;M;6950
1.998 kr.;2003;0;2003-01-01;Benzin;15.6;80;M;8450
64.900 kr.;2012;146000;2013-01-23;Benzin;17.5;96;M;4293
149.500 kr.;2019;78000;2018-10-09;Benzin;23.4;125;M;9500
184.900 kr.;2019;36000;2019-07-30;Benzin;22.4;140;M;6000
113.000 kr.;2017;79000;2017-03-01;Benzin;23.3;125;M;8723
164.900 kr.;2021;19000;2021-06-14;Benzin;24.2;125;M;4600
172.900 kr.;2019;32500;2019-04-16;Benzin;23.3;100;M;3000
89.500 kr.;2016;130000;2016-05-05;Diesel;27.8;95;M;9500
79.900 kr.;2014;85000;2013-12-18;Diesel;27;75;M;4000
109.500 kr.;2019;67000;2019-04-02;Diesel;30.3;85;M;5260
164.900 kr.;2019;69000;2019-02-20;Benzin;21.6;140;M;8600
94.900 kr.;2015;118000;2015-04-23;Benzin;23.3;125;M;7100
49.098 kr.;2014;245000;2014-06-01;Benzin;23.3;100;M;4000
90.000 kr.;2018;180000;2017-08-01;Benzin;23.3;100;M;8900
34.900 kr.;2009;208000;2009-02-26;Diesel;23.8;68;M;8620
142.900 kr.;2019;87000;2019-02-27;Benzin;22.9;100;M;8783
179.980 kr.;2018;57000;2018-12-04;Benzin;19.6;100;A;8960
62.900 kr.;2015;166000;2015-03-27;Benzin;23.3;80;M;6670
174.900 kr.;2021;9300;2021-05-11;Benzin;24.2;125;M;2200
69.900 kr.;2013;148000;2013-01-14;Benzin;23.3;100;M;2610
104.900 kr.;2017;115000;2017-04-07;Benzin;22.2;140;M;4600
59.900 kr.;2015;179000;2016-01-26;Benzin;23.3;100;M;6950
219.900 kr.;2022;2000;2022-08-29;Benzin;24.2;125;M;8240
249.000 kr.;2022;2000;2022-07-25;Benzin;22.9;125;A;8240
67.900 kr.;2014;102000;2014-01-23;Benzin;23.3;125;M;8940
159.800 kr.;2014;68000;2015-01-07;Benzin;16.9;182;M;4200
54.500 kr.;2013;181000;2013-03-11;Benzin;23.3;100;M;6000
89.900 kr.;2016;116000;2017-02-24;Benzin;23.3;125;M;3400
129.900 kr.;2016;93849;2016-03-29;Benzin;22.2;140;M;4400
219.900 kr.;2018;115000;2018-09-28;Benzin;18.3;200;M;8700
169.900 kr.;2021;5000;2021-04-21;Benzin;24.2;125;M;2200
139.700 kr.;2018;68702;2018-02-28;Benzin;23.3;100;M;9900
134.000 kr.;2018;93000;2017-09-01;Benzin;23.3;100;M;6950
99.900 kr.;2014;26000;2014-03-04;Benzin;23.3;125;M;4600
107.900 kr.;2017;78000;2017-04-06;Benzin;23.3;100;M;2860
79.900 kr.;2016;164168;2016-07-19;Diesel;27.8;95;M;7800
154.900 kr.;2020;76000;2019-11-29;Benzin;23.4;125;M;8722
139.700 kr.;2018;56564;2018-02-28;Benzin;23.3;100;M;9900
189.900 kr.;2021;32000;2021-03-31;Benzin;24.2;125;M;4300
99.900 kr.;2016;139000;2016-07-06;Benzin;22.2;140;M;6200
24.900 kr.;2009;295000;2009-02-06;Diesel;23.8;68;M;8600
79.500 kr.;2014;168000;2014-07-22;Benzin;23.3;125;M;9500
174.500 kr.;2020;98000;2020-01-28;Benzin;23.4;140;M;9500
124.900 kr.;2017;9700;2017-03-24;Benzin;23.3;125;M;2770
204.800 kr.;2022;12000;2022-03-25;Benzin;24.2;125;M;2630
109.700 kr.;2017;94000;2017-03-27;Benzin;23.3;125;M;9310
115.000 kr.;2017;77000;2016-12-01;Benzin;23.3;125;M;9750
34.800 kr.;2012;229000;2011-12-06;Diesel;24.4;70;M;9800
176.000 kr.;2021;61000;2021-04-01;Benzin;23.7;125;M;9700
129.900 kr.;2018;16000;2018-07-06;Benzin;21.6;85;M;2610
117.000 kr.;2017;71000;2017-05-22;Benzin;23.3;100;M;7000
127.000 kr.;2018;44000;2018-10-26;Diesel;28.9;85;M;7000
123.000 kr.;2017;98000;2017-10-03;Benzin;23.3;100;M;3600
204.495 kr.;2022;6500;2022-06-21;Benzin;24.2;125;M;4700
137.000 kr.;2018;44000;2018-10-17;Benzin;22.9;100;M;2630
114.990 kr.;2016;69000;2017-01-24;Benzin;23.3;125;M;6520
154.700 kr.;2019;41000;2019-08-15;Benzin;22;100;M;9700
110.000 kr.;2016;88000;2017-03-28;Benzin;23.3;100;M;5400
134.900 kr.;2018;30000;2018-10-26;Benzin;22.9;100;M;2970
219.900 kr.;2022;1500;2022-03-04;Benzin;24.2;125;M;9800
62.700 kr.;2014;169000;2014-06-25;Benzin;23.3;100;M;9310
76.000 kr.;2014;118000;2014-05-01;Benzin;23.3;100;M;9600
114.000 kr.;2016;76000;2017-01-18;Benzin;23.3;125;M;2630
122.500 kr.;2018;95000;2017-07-21;Benzin;23.3;100;M;7500
109.500 kr.;2017;83000;2017-03-10;Benzin;23.3;125;M;8600
54.900 kr.;2010;104000;2010-02-26;Benzin;18.2;60;M;3650
144.900 kr.;2018;51000;2018-07-31;Benzin;22.9;100;M;9500
179.900 kr.;2020;57000;2020-03-05;Diesel;31.4;85;M;7000
99.990 kr.;2014;96000;2014-06-26;Benzin;23.3;100;M;8660
154.800 kr.;2020;34351;2020-01-24;Benzin;26.2;125;M;9500
159.900 kr.;2020;67500;2020-08-31;Diesel;31.4;85;M;6300
97.995 kr.;2015;117000;2015-12-04;Benzin;22.2;140;M;4100
149.800 kr.;2020;56000;2020-05-27;Diesel;31.4;85;M;6800
85.000 kr.;2016;85000;2017-03-01;Benzin;23.3;125;M;2650
135.500 kr.;2019;80000;2019-05-01;Diesel;28.9;85;M;9800
91.790 kr.;2014;39000;2015-01-01;Benzin;23.3;125;M;2970
164.900 kr.;2018;60000;2018-09-28;Benzin;21.6;140;M;6000
97.450 kr.;2015;97000;2015-06-24;Benzin;22.2;140;M;2610
82.900 kr.;2014;109000;2015-01-01;Benzin;23.3;100;M;7100
83.000 kr.;2015;143000;2014-10-01;Benzin;23.3;125;M;2770
104.900 kr.;2017;143000;2016-11-25;Benzin;22.2;140;M;8600
85.300 kr.;2016;81000;2016-10-26;Benzin;23.3;80;M;4700
74.500 kr.;2014;143000;2014-06-30;Benzin;23.3;125;M;4700
69.000 kr.;2014;125000;2014-05-01;Benzin;23.3;100;M;8940
153.900 kr.;2020;76000;2020-01-23;Benzin;26.2;125;M;9600
199.900 kr.;2022;3000;2022-01-31;Benzin;24.2;125;M;7700
98.500 kr.;2017;79000;2018-03-28;Diesel;31.3;95;M;5260
59.800 kr.;2014;186000;2014-08-29;Benzin;23.3;125;M;3630
80.000 kr.;2015;167000;2014-11-01;Benzin;23.3;125;M;2700
29.900 kr.;2008;197000;2008-10-30;Diesel;23.8;90;M;4300
44.900 kr.;2013;229700;2013-07-17;Benzin;23.3;65;M;2650
124.900 kr.;2018;102000;2017-06-30;Benzin;23.3;100;M;8600
118.900 kr.;2016;76000;2017-04-28;Benzin;23.3;125;M;6900
64.900 kr.;2014;100000;2013-11-29;Benzin;23.3;65;M;4800
79.800 kr.;2015;126000;2015-01-22;Benzin;23.3;125;M;5260
174.900 kr.;2021;19000;2021-03-05;Benzin;24.2;125;M;7700
264.900 kr.;2022;2000;2022-09-29;Benzin;22.9;125;A;7100
94.800 kr.;2014;96000;2014-04-30;Benzin;23.3;125;M;9800
78.900 kr.;2014;107000;2014-04-28;Benzin;23.3;100;M;4300
89.800 kr.;2016;169000;2016-08-19;Benzin;22.2;140;M;8883
163.900 kr.;2021;23200;2020-12-10;Benzin;24.2;125;M;4100
132.700 kr.;2019;87000;2018-09-27;Benzin;22.9;125;M;8940
199.900 kr.;2021;18000;2021-08-02;Benzin;24.2;155;M;9800
99.700 kr.;2015;92000;2015-10-29;Benzin;23.3;125;M;9700
77.900 kr.;2014;111000;2013-08-30;Benzin;23.3;125;M;4000
129.800 kr.;2018;137000;2018-06-28;Benzin;22.2;140;M;8940
82.900 kr.;2016;103997;2016-10-20;Benzin;23.3;80;M;2860
82.900 kr.;2014;89000;2014-09-29;Benzin;23.3;100;M;8600
35.000 kr.;2008;192000;2007-11-11;Benzin;13.5;150;M;4100
148.500 kr.;2019;44000;2019-02-28;Benzin;22.9;100;M;6740
112.000 kr.;2017;65000;2017-04-05;Benzin;23.3;125;M;7000
219.000 kr.;2018;112000;2018-09-01;Benzin;18.3;200;M;2200
239.900 kr.;2022;500;2022-08-25;Benzin;24.2;125;M;7900
32.900 kr.;2010;257000;2010-03-26;Benzin;18.2;60;M;8940
59.900 kr.;2012;99900;2012-11-28;Benzin;18.2;60;M;8300
129.900 kr.;2018;98000;2018-04-18;Benzin;23.3;100;M;3400
204.495 kr.;2022;6500;2022-06-21;Benzin;24.2;125;M;4700
157.777 kr.;2020;35000;2020-01-15;Diesel;31.4;85;M;4300
203.995 kr.;2022;7000;2022-09-28;Benzin;24.2;125;M;4700
208.995 kr.;2022;1500;2022-09-28;Benzin;24.2;125;M;4700
203.995 kr.;2022;7000;2022-09-28;Benzin;24.2;125;M;4700
204.995 kr.;2022;6000;2022-06-21;Benzin;24.2;125;M;4700
209.900 kr.;2020;52000;2020-12-01;Benzin;19.6;100;A;4600
204.900 kr.;2022;6000;2022-06-22;Benzin;24.2;125;M;4100
200.900 kr.;2022;10000;2022-06-21;Benzin;24.2;125;M;4100
202.900 kr.;2022;8000;2022-06-21;Benzin;24.2;125;M;4100
196.900 kr.;2022;14000;2022-06-21;Benzin;24.2;125;M;4100
39.900 kr.;2008;148000;2008-10-30;Benzin;16.9;120;M;7900
56.900 kr.;2009;91000;2009-03-17;Benzin;15.4;96;A;4320
159.800 kr.;2018;86000;2019-01-11;Benzin;22.2;140;M;6600
189.900 kr.;2019;86000;2019-09-12;Benzin;19.6;100;A;3000
114.900 kr.;2017;75000;2017-01-11;Benzin;23.3;125;M;2630
179.990 kr.;2019;42500;2019-10-25;Benzin;23.4;140;M;2100
134.000 kr.;2019;46000;2019-09-13;Diesel;28.9;85;M;9280
79.900 kr.;2014;105000;2014-10-28;Benzin;23.3;100;M;8464
117.000 kr.;2016;57000;2017-04-27;Benzin;23.3;125;M;2630
140.000 kr.;2018;51000;2018-06-01;Benzin;23.3;125;M;4622
154.900 kr.;2019;39000;2019-02-12;Benzin;23.4;100;M;5260
54.800 kr.;2010;62000;2010-08-31;Benzin;18.2;60;M;8722
79.800 kr.;2015;128000;2015-12-29;Benzin;23.3;100;M;8362
84.500 kr.;2014;100000;2015-01-22;Benzin;23.3;100;M;7120
259.900 kr.;2019;58000;2018-11-20;Benzin;18.3;200;M;4600
62.900 kr.;2014;161000;2014-06-27;Benzin;23.3;100;M;6670
78.000 kr.;2014;118000;2014-01-01;Benzin;23.3;100;M;9600
150.000 kr.;2018;90000;2018-06-01;Benzin;19.6;140;M;8700
89.000 kr.;2015;109000;2015-08-01;Benzin;22.2;140;M;6400
81.900 kr.;2014;62000;2014-10-01;Benzin;23.3;100;M;2740
159.900 kr.;2019;88772;2019-03-26;Benzin;23.4;100;M;6000
44.000 kr.;2009;83000;2009-10-01;Benzin;17.5;96;M;7400
118.500 kr.;2018;94000;2017-09-29;Benzin;23.3;100;M;7500
78.800 kr.;2014;133000;2014-02-03;Benzin;23.3;100;M;2750
69.900 kr.;2015;81000;2015-09-14;Benzin;23.3;65;M;4200
124.900 kr.;2015;37500;2016-02-26;Benzin;22.2;140;M;9800
69.800 kr.;2014;131000;2014-06-11;Benzin;23.3;65;M;6200
155.000 kr.;2018;15000;2018-05-04;Benzin;23.3;125;M;4200
14.999 kr.;2007;187000;2007-04-22;Benzin;16.4;70;M;5260
164.999 kr.;2019;30000;2019-09-12;Benzin;23.4;125;M;7000
64.500 kr.;2013;186000;2013-05-30;Benzin;23.3;100;M;2600
97.900 kr.;2015;84000;2016-01-13;Benzin;23.3;100;M;7100
169.900 kr.;2020;34000;2020-07-10;Benzin;27.5;125;M;2600
109.700 kr.;2019;100000;2019-12-30;Benzin;21.6;85;M;9700
89.800 kr.;2015;80000;2015-03-02;Benzin;23.3;125;M;5260
19.380 kr.;2004;235000;2004-05-19;Benzin;16.1;70;M;9600
144.900 kr.;2018;49000;2018-08-30;Benzin;23.3;125;M;4200
114.900 kr.;2016;59000;2016-06-30;Benzin;23.3;125;M;6000
62.800 kr.;2014;181000;2014-03-12;Benzin;23.3;100;M;4300
144.900 kr.;2018;69000;2018-03-27;Benzin;23.3;100;M;4200
74.800 kr.;2015;174000;2015-03-27;Benzin;23.3;100;M;5210
154.999 kr.;2018;71000;2018-10-01;Benzin;22.2;140;M;9900
39.800 kr.;2009;128000;2008-11-26;Benzin;17.5;82;M;5260
119.900 kr.;2016;73200;2016-11-30;Benzin;23.3;125;M;5492
44.800 kr.;2011;193000;2010-10-29;Diesel;27;95;M;2630
139.700 kr.;2018;69000;2018-01-02;Benzin;23.3;100;M;9200
14.900 kr.;2010;259689;2010-08-19;Diesel;23.8;68;M;4200
209.900 kr.;2021;25000;2021-03-05;Benzin;23.7;155;M;9430
55.000 kr.;2005;245000;2005-01-01;Benzin;13.5;150;M;9260
69.900 kr.;2013;116000;2013-03-01;Benzin;23.3;100;M;1799
52.500 kr.;2012;75000;2012-05-01;Benzin;18.2;60;M;9900
149.999 kr.;2014;100000;2014-10-01;Benzin;16.9;182;M;7900
15.000 kr.;1998;155000;1998-06-01;Benzin;15.2;60;M;7300
74.900 kr.;2014;177000;2014-10-27;Benzin;20.4;100;A;2610
83.900 kr.;2016;141000;2016-08-31;Benzin;23.3;80;M;8722
174.900 kr.;2018;62500;2018-07-05;Benzin;21.6;140;M;4700
28.900 kr.;2011;246000;2011-03-29;Benzin;18.2;60;M;6430
55.000 kr.;2013;235000;2013-05-01;Benzin;23.3;65;M;5560
109.800 kr.;2016;118000;2017-05-15;Benzin;23.3;125;M;4200
85.000 kr.;2016;99000;2016-12-01;Benzin;23.3;125;M;8300
229.750 kr.;2022;500;2022-09-30;Benzin;24.2;125;M;7100
59.800 kr.;2013;103000;2013-01-23;Benzin;23.3;65;M;5260
89.900 kr.;2015;150050;2016-04-07;Benzin;20.4;100;A;3520
89.900 kr.;2017;99000;2017-03-16;Benzin;23.3;80;M;7700
82.500 kr.;2015;80000;2015-08-11;Diesel;31.3;95;M;2620
119.900 kr.;2017;131000;2017-08-31;Benzin;23.3;125;M;5560
69.500 kr.;2015;192000;2015-04-16;Diesel;27.8;95;M;2600
68.800 kr.;2015;154000;2015-01-15;Benzin;23.3;125;M;4200
139.800 kr.;2019;122000;2019-06-12;Benzin;21.2;140;M;6670
157.800 kr.;2020;42000;2020-06-09;Diesel;31.4;85;M;9600
56.880 kr.;2012;94000;2012-11-09;Benzin;18.5;60;M;6200
52.800 kr.;2012;158000;2012-07-24;Benzin;18.2;60;M;4300
65.000 kr.;2015;172000;2014-11-01;Benzin;20.4;100;A;8382
126.700 kr.;2018;78000;2018-03-28;Benzin;23.3;125;M;9310
82.900 kr.;2014;131300;2014-01-09;Benzin;23.3;100;M;8751
84.800 kr.;2014;118000;2014-07-09;Benzin;23.3;125;M;5260
34.800 kr.;2009;182000;2009-02-24;Benzin;18.2;60;M;8883
99.900 kr.;2014;118000;2014-08-11;Benzin;20.4;100;A;2600
114.900 kr.;2018;130500;2018-02-16;Benzin;23.3;100;M;9900
114.900 kr.;2018;50713;2018-12-17;Diesel;28.9;85;M;5260
67.900 kr.;2014;169000;2014-01-29;Benzin;23.3;100;M;5491
24.900 kr.;2003;129000;2003-06-02;Benzin;15.6;80;M;5700
89.900 kr.;2014;109886;2014-12-22;Benzin;23.3;125;M;6000
69.900 kr.;2015;134000;2015-03-31;Diesel;30.3;95;M;4000
114.800 kr.;2015;110000;2015-01-02;Benzin;22.2;140;M;9800
47.900 kr.;2013;193000;2013-02-19;Benzin;23.3;65;M;9310
59.900 kr.;2014;199000;2014-04-25;Benzin;23.3;100;M;4241
64.900 kr.;2014;154000;2015-01-29;Benzin;23.3;125;M;8600
119.900 kr.;2013;133000;2013-09-03;Benzin;16.9;182;M;4300
154.900 kr.;2020;39000;2020-02-28;Benzin;26.2;125;M;7000
94.800 kr.;2016;102000;2016-05-25;Diesel;29.4;75;M;4600
134.500 kr.;2019;70000;2019-09-05;Diesel;28.9;85;M;9800
62.800 kr.;2013;175000;2013-08-01;Benzin;23.3;100;M;8300
58.800 kr.;2013;163000;2013-03-13;Benzin;23.3;100;M;4200
64.900 kr.;2015;187000;2015-02-18;Diesel;30.3;95;M;9310
69.800 kr.;2012;133000;2012-02-14;Benzin;17.2;96;M;9800
119.900 kr.;2018;120000;2017-10-12;Benzin;23.3;125;M;8600
108.800 kr.;2016;61000;2016-09-30;Benzin;23.3;125;M;4600
24.800 kr.;2003;169000;2003-07-03;Benzin;15.6;80;M;7700
85.000 kr.;2015;89400;2015-06-23;Benzin;23.3;125;M;7600
89.900 kr.;2014;75000;2014-04-25;Benzin;23.3;100;M;5492
164.900 kr.;2019;89000;2019-06-11;Benzin;19.6;100;A;3200
169.995 kr.;2020;55000;2020-03-09;Benzin;26.2;125;M;7400
19.900 kr.;2005;185000;2005-03-22;Benzin;16.4;70;M;4300
124.900 kr.;2017;75000;2017-07-28;Benzin;23.3;100;M;5260
214.900 kr.;2022;2000;2022-08-30;Benzin;24.2;125;M;6000
214.900 kr.;2022;2000;2022-08-30;Benzin;24.2;125;M;6000
214.900 kr.;2022;2000;2022-08-30;Benzin;24.2;125;M;6000
214.900 kr.;2022;2000;2022-06-21;Benzin;24.2;125;M;6000
41.900 kr.;2011;142000;2011-01-18;Benzin;17.9;82;M;2605
69.500 kr.;2014;171000;2014-01-01;Benzin;23.3;100;M;4000
49.900 kr.;2012;128000;2012-07-05;Benzin;18.2;60;M;9430
129.900 kr.;2017;101000;2017-09-29;Benzin;23.3;100;M;6100
79.800 kr.;2013;160000;2013-06-28;Benzin;23.3;100;M;6705
194.900 kr.;2019;60000;2018-11-22;Benzin;21.2;140;M;6100
99.900 kr.;2015;94000;2015-05-27;Benzin;23.3;100;M;7900
164.900 kr.;2018;50000;2018-02-22;Benzin;22.2;140;M;5400
85.100 kr.;2015;102000;2015-06-23;Diesel;27.8;95;M;6715
214.900 kr.;2021;16000;2021-04-19;Benzin;23.7;155;M;6000
59.700 kr.;2013;193000;2013-04-22;Diesel;27.8;95;M;9310
89.900 kr.;2016;130000;2016-12-29;Benzin;23.3;125;M;8370
164.995 kr.;2021;27900;2020-12-17;Benzin;27.5;125;M;4700
146.900 kr.;2018;54000;2018-03-21;Benzin;23.3;125;M;5400
79.900 kr.;2014;90000;2014-05-13;Benzin;23.3;100;M;4340
86.900 kr.;2014;111000;2014-12-12;Benzin;23.3;100;M;5400
124.800 kr.;2017;71000;2017-03-24;Benzin;22.2;140;M;6000
55.900 kr.;2014;207000;2013-10-16;Benzin;23.3;100;M;8370
169.800 kr.;2018;29000;2018-11-09;Benzin;22.4;125;M;8300
61.800 kr.;2013;161000;2013-04-29;Benzin;23.3;100;M;8800
132.900 kr.;2017;51000;2017-05-17;Benzin;22.2;140;M;8783
139.900 kr.;2019;64000;2019-02-11;Benzin;21.6;85;M;8300
129.900 kr.;2018;89000;2017-09-29;Benzin;23.3;125;M;8210
134.900 kr.;2017;49000;2017-11-22;Benzin;23.3;100;M;6000
99.900 kr.;2016;104000;2016-04-19;Benzin;23.3;100;M;8783
109.900 kr.;2016;76000;2016-03-18;Benzin;23.3;125;M;5491
46.000 kr.;2012;154000;2012-04-25;Diesel;24.4;95;M;7400
239.900 kr.;2022;5000;2022-08-30;Benzin;24.2;155;M;6000
84.900 kr.;2013;152000;2013-05-27;Benzin;23.3;125;M;5210
49.900 kr.;2010;141000;2010-04-29;Benzin;18.2;60;M;9430
112.500 kr.;2017;67000;2016-11-30;Benzin;22.2;140;M;2400
219.900 kr.;2021;20785;2021-04-16;Benzin;24.2;155;M;5260
129.900 kr.;2018;82000;2018-10-26;Benzin;22.9;100;M;6270
67.500 kr.;2014;164000;2014-06-19;Benzin;23.3;125;M;7400
80.000 kr.;2015;79000;2015-06-29;Benzin;23.3;100;M;3660
89.900 kr.;2015;69000;2015-02-26;Benzin;23.3;100;M;5200
92.000 kr.;2016;110000;2016-06-30;Benzin;23.3;125;M;8300
169.900 kr.;2018;79000;2018-04-17;Benzin;22.2;140;M;2630
222.190 kr.;2022;50;2022-11-10;Benzin;22.9;100;M;5492
97.500 kr.;2015;72000;2014-11-27;Benzin;23.3;125;M;8600
139.900 kr.;2016;65000;2016-09-15;Benzin;22.2;140;M;8660
29.900 kr.;2009;241000;2009-04-06;Diesel;23.8;68;M;8940
22.800 kr.;2008;134000;2008-04-08;Benzin;16.4;70;M;2750
44.900 kr.;2006;165000;2006-06-28;Benzin;13.5;150;M;7190
52.800 kr.;2011;137000;2011-09-30;Benzin;17.9;82;M;6200
199.900 kr.;2021;8700;2022-01-31;Benzin;24.2;125;M;6100
78.500 kr.;2015;95000;2014-11-24;Benzin;23.3;125;M;4600
114.900 kr.;2018;54000;2018-06-28;Benzin;21.6;85;M;2600
77.900 kr.;2013;97000;2013-05-22;Benzin;23.3;125;M;9400
99.900 kr.;2015;153000;2015-01-30;Benzin;22.2;140;M;8960
104.900 kr.;2015;81000;2015-06-24;Benzin;23.3;125;M;6100
43.900 kr.;2013;262000;2013-02-01;Diesel;30.3;95;M;6100
104.900 kr.;2018;38904;2018-11-19;Benzin;21.6;70;M;5260
89.500 kr.;2017;100000;2017-02-28;Benzin;23.3;80;M;6000
39.989 kr.;2010;84000;2010-04-21;Benzin;18.2;60;M;6715
124.800 kr.;2016;50000;2016-03-30;Benzin;22.2;140;M;8722
79.900 kr.;2016;145000;2016-04-29;Benzin;22.2;140;M;7000
159.900 kr.;2014;105000;2014-10-10;Benzin;16.9;182;M;7900
64.700 kr.;2014;185000;2014-05-12;Benzin;23.3;125;M;9310
174.800 kr.;2018;72000;2018-08-28;Benzin;21.2;140;M;9440
129.800 kr.;2020;67000;2020-01-01;Diesel;28.9;85;M;6705
99.900 kr.;2016;106000;2017-06-15;Benzin;23.3;125;M;6580
72.500 kr.;2014;163000;2014-06-23;Benzin;23.3;100;M;8600
89.900 kr.;2016;151000;2016-09-01;Benzin;23.3;125;M;8210
27.700 kr.;2012;315000;2011-10-31;Diesel;25;70;M;9310
177.995 kr.;2021;26600;2020-12-17;Benzin;27.5;125;M;4700
97.995 kr.;2015;93800;2015-11-20;Benzin;23.3;100;M;4700
159.900 kr.;2017;37000;2018-02-16;Benzin;23.3;100;M;7900
139.900 kr.;2017;50000;2017-09-29;Benzin;23.3;100;M;9800
204.900 kr.;2021;14000;2021-09-22;Benzin;23.7;125;M;5260
44.900 kr.;2013;191000;2013-06-23;Benzin;23.3;65;M;2720
48.800 kr.;2010;154000;2010-05-18;Diesel;24.4;70;M;8722
84.999 kr.;2013;79000;2013-05-29;Diesel;27.8;95;M;8600
154.900 kr.;2019;55000;2018-10-26;Benzin;22;100;M;9400
119.800 kr.;2016;66000;2015-12-30;Benzin;22.2;140;M;2630
39.900 kr.;2010;174000;2010-03-23;Benzin;17.9;82;M;7400
124.900 kr.;2016;94000;2016-11-30;Benzin;23.3;125;M;7900
134.900 kr.;2018;130000;2017-10-24;Benzin;23.3;100;M;6100
119.900 kr.;2018;80000;2018-12-14;Diesel;28.6;85;M;6100
69.900 kr.;2010;62000;2010-01-01;Benzin;17.2;96;M;8600
174.900 kr.;2019;68000;2019-01-25;Benzin;22;125;M;6100
189.700 kr.;2020;25000;2020-09-29;Diesel;31.4;85;M;9200
133.900 kr.;2018;73000;2018-02-01;Benzin;23.3;100;M;8600
119.900 kr.;2015;47000;2014-11-25;Benzin;22.2;140;M;2630
164.900 kr.;2019;51000;2019-08-29;Benzin;23.4;100;M;6100
34.900 kr.;2011;219000;2011-06-28;Diesel;24.4;95;M;9310
89.800 kr.;2014;117000;2014-05-28;Benzin;23.3;125;M;9800
29.900 kr.;2010;199000;2010-06-02;Benzin;17.9;82;M;8210
105.000 kr.;2014;102000;2014-06-24;Benzin;20.4;100;A;9900
79.400 kr.;2016;156000;2016-01-25;Benzin;23.3;100;M;6340
119.900 kr.;2016;94500;2016-01-07;Benzin;22.2;140;M;8700
109.900 kr.;2017;105000;2017-04-05;Benzin;23.3;125;M;7100
104.700 kr.;2018;144000;2018-05-31;Diesel;28.6;85;M;9310
83.900 kr.;2016;185750;2016-04-25;Benzin;23.3;125;M;7500
98.800 kr.;2016;114000;2017-04-19;Benzin;23.3;100;M;6200
75.000 kr.;2015;126000;2015-03-30;Benzin;23.3;100;M;7182
74.900 kr.;2013;69000;2013-02-27;Benzin;23.3;100;M;4300
199.900 kr.;2022;15000;2022-03-17;Benzin;24.2;125;M;6000
174.900 kr.;2020;47000;2019-10-11;Benzin;23.4;100;M;6100
99.900 kr.;2015;43000;2015-05-29;Benzin;23.3;100;M;2630
139.900 kr.;2017;51000;2016-12-20;Benzin;22.2;140;M;7100
26.900 kr.;2010;268000;2010-01-27;Diesel;27;95;M;9310
239.900 kr.;2022;2500;2022-07-26;Benzin;24.2;125;M;7100
147.777 kr.;2017;40000;2017-04-19;Benzin;22.2;140;M;4300
167.900 kr.;2020;23000;2020-09-29;Diesel;31.4;85;M;9600
5.900 kr.;2008;335000;2008-01-21;Diesel;23.8;68;M;8380
57.900 kr.;2011;91000;2011-10-14;Benzin;18.2;60;M;9430
124.900 kr.;2017;81000;2017-06-12;Benzin;22.2;140;M;9381
77.900 kr.;2015;126000;2015-10-08;Diesel;31.3;95;M;8600
69.900 kr.;2016;207000;2016-09-18;Diesel;27.8;95;M;8600
29.900 kr.;2009;248000;2009-09-03;Diesel;23.8;68;M;9310
114.800 kr.;2017;88000;2017-02-17;Benzin;23.3;125;M;3400
129.900 kr.;2018;110000;2018-01-31;Benzin;23.3;100;M;8600
69.900 kr.;2013;175000;2013-01-31;Benzin;23.3;100;M;5210
52.900 kr.;2011;139000;2011-03-25;Benzin;18.2;60;M;4300
229.750 kr.;2022;5000;2022-06-08;Benzin;24.2;125;M;7100
154.990 kr.;2018;42000;2017-10-30;Benzin;23.3;125;M;5600
17.980 kr.;2004;190000;2004-06-15;Benzin;16.4;70;M;5464
109.400 kr.;2017;85000;2017-05-31;Benzin;23.3;100;M;6340
66.999 kr.;2014;110000;2013-10-22;Benzin;23.3;65;M;8600
106.800 kr.;2016;99000;2016-09-14;Benzin;23.3;125;M;4700
105.000 kr.;2015;115000;2015-05-29;Benzin;22.2;140;M;6100
134.900 kr.;2018;119000;2017-11-15;Benzin;23.3;100;M;7900
149.900 kr.;2019;89000;2019-02-08;Benzin;22.9;125;M;4300
106.800 kr.;2016;90000;2016-06-09;Benzin;23.3;125;M;4700
119.900 kr.;2018;145000;2018-02-16;Benzin;23.3;100;M;6230
22.500 kr.;2002;200000;2002-07-24;Benzin;15.6;80;M;5700
219.900 kr.;2022;3000;2022-06-15;Benzin;24.2;125;M;2600
119.999 kr.;2019;69000;2019-01-22;Benzin;21.6;85;M;8700
89.800 kr.;2015;83000;2014-10-29;Benzin;23.3;100;M;6240
109.900 kr.;2017;100000;2017-01-05;Benzin;23.3;125;M;6715
144.900 kr.;2020;50000;2020-02-04;Benzin;26.8;95;M;2600
104.900 kr.;2017;107000;2017-04-28;Benzin;23.3;100;M;2605
92.900 kr.;2015;128000;2015-05-27;Benzin;23.3;125;M;7900
104.900 kr.;2015;153000;2015-05-29;Benzin;22.2;140;M;4200
109.800 kr.;2017;80000;2017-06-08;Benzin;23.3;125;M;8260
99.000 kr.;2014;79000;2015-01-02;Benzin;23.3;125;M;7100
29.400 kr.;2010;280000;2010-10-14;Benzin;18.2;60;M;6400
189.500 kr.;2020;78000;2019-10-08;Benzin;19.6;100;A;8800
129.900 kr.;2017;78000;2017-03-13;Benzin;22.2;140;M;8300
174.900 kr.;2018;91000;2018-05-08;Benzin;22.2;140;M;2630
98.900 kr.;2014;61000;2014-02-25;Benzin;23.3;100;M;2630
194.700 kr.;2021;7000;2021-08-30;Benzin;24.2;125;M;9200
159.900 kr.;2020;55000;2020-11-05;Diesel;31.4;85;M;5000
89.900 kr.;2013;125000;2013-09-25;Benzin;23.3;100;M;9381
64.900 kr.;2011;153000;2011-06-10;Benzin;17.2;96;M;9381
22.400 kr.;2008;211000;2008-02-29;Benzin;16.1;80;M;6340
69.900 kr.;2016;133000;2016-03-14;Benzin;23.3;80;M;2605
92.900 kr.;2014;91000;2015-02-26;Benzin;23.3;100;M;4200
194.700 kr.;2021;10000;2021-08-30;Benzin;24.2;125;M;9200
194.700 kr.;2021;9000;2021-08-30;Benzin;24.2;125;M;9200
194.700 kr.;2021;5000;2021-08-30;Benzin;24.2;125;M;9200
194.700 kr.;2021;10000;2021-08-30;Benzin;24.2;125;M;9200
154.900 kr.;2019;43500;2019-03-18;Benzin;22.9;100;M;5492
24.900 kr.;2007;210000;2007-10-25;Diesel;22.7;90;M;5491
36.999 kr.;2009;136000;2009-01-26;Diesel;23.8;68;M;5260
159.900 kr.;2018;38000;2018-07-09;Benzin;20.8;100;M;2630
43.000 kr.;2010;190000;2010-09-28;Benzin;18.2;60;M;5700
75.800 kr.;2016;179000;2015-11-12;Benzin;22.2;140;M;7100
194.700 kr.;2021;11000;2021-08-30;Benzin;24.2;125;M;9200
94.900 kr.;2014;120000;2013-11-27;Benzin;20.4;100;A;2610
104.900 kr.;2015;86000;2015-09-30;Benzin;23.3;125;M;9400
179.900 kr.;2021;25000;2021-03-18;Benzin;24.2;125;M;6000
36.900 kr.;2008;297000;2008-01-08;Benzin;13.5;150;M;8653
59.900 kr.;2012;164000;2012-06-27;Benzin;17.5;96;M;3630
92.000 kr.;2015;65000;2015-03-01;Benzin;23.3;125;M;7100
144.000 kr.;2017;18000;2017-08-01;Benzin;23.3;100;M;2970
